"type","title","path","source_url","sitemap_lastmod","changefreq","priority"
"page","News","/news","https://houserabbit.org/news","2025-02-08","daily","0.75"
"article","Updates","/updates","https://houserabbit.org/updates","2026-09-18","daily","0.75"
"article","August 2026 Veterinary Training Initiative","/updates/august-2026-veterinary-training-initiative","https://houserabbit.org/updates/august-2026-veterinary-training-initiative","2026-09-04","monthly","0.5"
"article","August 2026 Fostering","/updates/august-2026-fostering","https://houserabbit.org/updates/august-2026-fostering","2026-08-06","monthly","0.5"
"article","Ca Ab1382","/updates/ca-ab1382","https://houserabbit.org/updates/ca-ab1382","2026-07-23","monthly","0.5"
"article","2026 July Chonken Rabbit Bonding","/updates/2026-july-chonken-rabbit-bonding","https://houserabbit.org/updates/2026-july-chonken-rabbit-bonding","2026-07-13","monthly","0.5"
"article","2026 July Fostering Megacolon Rabbit","/updates/2026-july-fostering-megacolon-rabbit","https://houserabbit.org/updates/2026-july-fostering-megacolon-rabbit","2026-07-10","monthly","0.5"
"article","2026 July 4","/updates/2026-july-4","https://houserabbit.org/updates/2026-july-4","2026-06-23","monthly","0.5"
"article","A Walkthrough Of Bunny Dating At Hrs","/updates/a-walkthrough-of-bunny-dating-at-hrs","https://houserabbit.org/updates/a-walkthrough-of-bunny-dating-at-hrs","2026-06-10","monthly","0.5"
"article","2026 June Fostering","/updates/2026-june-fostering","https://houserabbit.org/updates/2026-june-fostering","2026-07-10","monthly","0.5"
"article","2026 June When Your Rabbit Stops Eating","/updates/2026-june-when-your-rabbit-stops-eating","https://houserabbit.org/updates/2026-june-when-your-rabbit-stops-eating","2026-06-02","monthly","0.5"
"article","2026 March Moving Differently","/updates/2026-march-moving-differently","https://houserabbit.org/updates/2026-march-moving-differently","2026-06-02","monthly","0.5"
"article","2025 March Confessions Foster Fail","/updates/2025-march-confessions-foster-fail","https://houserabbit.org/updates/2025-march-confessions-foster-fail","2026-03-25","monthly","0.5"
"article","2026 February Adopt","/updates/2026-february-adopt","https://houserabbit.org/updates/2026-february-adopt","2026-02-09","monthly","0.5"
"article","2025 January Bunny Sitter","/updates/2025-january-bunny-sitter","https://houserabbit.org/updates/2025-january-bunny-sitter","2026-02-09","monthly","0.5"
"article","2025 Impact Report","/updates/2025-impact-report","https://houserabbit.org/updates/2025-impact-report","2026-03-04","monthly","0.5"
"article","2025 December Fostering","/updates/2025-december-fostering","https://houserabbit.org/updates/2025-december-fostering","2025-12-29","monthly","0.5"
"article","2025 Holiday Safety","/updates/2025-holiday-safety","https://houserabbit.org/updates/2025-holiday-safety","2025-12-18","monthly","0.5"
"article","2025 Salwen Bunnies","/updates/2025-salwen-bunnies","https://houserabbit.org/updates/2025-salwen-bunnies","2025-11-13","monthly","0.5"
"article","2025 Giving Tuesday","/updates/2025-giving-tuesday","https://houserabbit.org/updates/2025-giving-tuesday","2025-11-13","monthly","0.5"
"article","Prepare For Petsitters Dhy65","/updates/prepare-for-petsitters-dhy65","https://houserabbit.org/updates/prepare-for-petsitters-dhy65","2025-11-07","monthly","0.5"
"article","Prepare For Petsitters","/updates/prepare-for-petsitters","https://houserabbit.org/updates/prepare-for-petsitters","2025-11-07","monthly","0.5"
"article","2025 Year End Giving","/updates/2025-year-end-giving","https://houserabbit.org/updates/2025-year-end-giving","2025-11-04","monthly","0.5"
"article","October 2025 Vaccination","/updates/october-2025-vaccination","https://houserabbit.org/updates/october-2025-vaccination","2025-10-22","monthly","0.5"
"article","2025 Holiday Hours","/updates/2025-holiday-hours","https://houserabbit.org/updates/2025-holiday-hours","2026-06-23","monthly","0.5"
"article","Quality Of Life","/updates/quality-of-life","https://houserabbit.org/updates/quality-of-life","2025-11-07","monthly","0.5"
"article","Diy Bumpers","/updates/diy-bumpers","https://houserabbit.org/updates/diy-bumpers","2025-11-07","monthly","0.5"
"article","Uibnaqx9xgrxygsugz8dqak8uip1tx","/updates/uibnaqx9xgrxygsugz8dqak8uip1tx","https://houserabbit.org/updates/uibnaqx9xgrxygsugz8dqak8uip1tx","2025-11-07","monthly","0.5"
"article","2025 September Let Bunnies Fly","/updates/2025-september-let-bunnies-fly","https://houserabbit.org/updates/2025-september-let-bunnies-fly","2026-07-23","monthly","0.5"
"article","2025 New Board","/updates/2025-new-board","https://houserabbit.org/updates/2025-new-board","2025-09-19","monthly","0.5"
"article","2025 August Support","/updates/2025-august-support","https://houserabbit.org/updates/2025-august-support","2025-09-16","monthly","0.5"
"article","2025 Caring Rabbit Budget","/updates/2025-caring-rabbit-budget","https://houserabbit.org/updates/2025-caring-rabbit-budget","2025-09-03","monthly","0.5"
"article","2025 August Let Bunnies Fly","/updates/2025-august-let-bunnies-fly","https://houserabbit.org/updates/2025-august-let-bunnies-fly","2026-01-16","monthly","0.5"
"article","2025 August Generosity","/updates/2025-august-generosity","https://houserabbit.org/updates/2025-august-generosity","2025-08-28","monthly","0.5"
"article","2025 Microchip","/updates/2025-microchip","https://houserabbit.org/updates/2025-microchip","2025-08-15","monthly","0.5"
"article","2025 Clear The Shelters","/updates/2025-clear-the-shelters","https://houserabbit.org/updates/2025-clear-the-shelters","2025-08-13","monthly","0.5"
"article","2025 Make A Will Month","/updates/2025-make-a-will-month","https://houserabbit.org/updates/2025-make-a-will-month","2025-08-01","monthly","0.5"
"article","2025 Throw A Summer Party","/updates/2025-throw-a-summer-party","https://houserabbit.org/updates/2025-throw-a-summer-party","2025-07-30","monthly","0.5"
"article","Summer 2025 Multilingual Resources","/updates/summer-2025-multilingual-resources","https://houserabbit.org/updates/summer-2025-multilingual-resources","2025-07-16","monthly","0.5"
"article","Summer 2025 Match","/updates/summer-2025-match","https://houserabbit.org/updates/summer-2025-match","2025-07-16","monthly","0.5"
"article","June 2025 Foster","/updates/june-2025-foster","https://houserabbit.org/updates/june-2025-foster","2025-07-03","monthly","0.5"
"article","June 2025 Veterinary Training Initiative","/updates/june-2025-veterinary-training-initiative","https://houserabbit.org/updates/june-2025-veterinary-training-initiative","2025-10-02","monthly","0.5"
"article","4Th Of July 2025","/updates/4th-of-july-2025","https://houserabbit.org/updates/4th-of-july-2025","2025-05-30","monthly","0.5"
"article","Tips For Bunny Proofing","/updates/tips-for-bunny-proofing","https://houserabbit.org/updates/tips-for-bunny-proofing","2025-05-10","monthly","0.5"
"article","9Hrzf0ydodoinxwpn0po2mhuqm4nn9","/updates/9hrzf0ydodoinxwpn0po2mhuqm4nn9","https://houserabbit.org/updates/9hrzf0ydodoinxwpn0po2mhuqm4nn9","2025-05-10","monthly","0.5"
"article","Tried And True Products","/updates/tried-and-true-products","https://houserabbit.org/updates/tried-and-true-products","2025-05-10","monthly","0.5"
"article","F75292qvrss97ucd53j6yxt70iquwk","/updates/f75292qvrss97ucd53j6yxt70iquwk","https://houserabbit.org/updates/f75292qvrss97ucd53j6yxt70iquwk","2025-05-10","monthly","0.5"
"article","How To Find A Good Rabbit Sitter","/updates/how-to-find-a-good-rabbit-sitter","https://houserabbit.org/updates/how-to-find-a-good-rabbit-sitter","2025-05-10","monthly","0.5"
"article","Double Your Bun The Case For Adopting A Bonded Pair Instead Of A Single Rabbit","/updates/double-your-bun-the-case-for-adopting-a-bonded-pair-instead-of-a-single-rabbit","https://houserabbit.org/updates/double-your-bun-the-case-for-adopting-a-bonded-pair-instead-of-a-single-rabbit","2025-05-09","monthly","0.5"
"article","Rabbit Lingo","/updates/rabbit-lingo","https://houserabbit.org/updates/rabbit-lingo","2025-05-03","monthly","0.5"
"article","Shelter Pet Day 2025","/updates/shelter-pet-day-2025","https://houserabbit.org/updates/shelter-pet-day-2025","2025-06-16","monthly","0.5"
"article","World Veterinary Day 2025","/updates/world-veterinary-day-2025","https://houserabbit.org/updates/world-veterinary-day-2025","2025-07-30","monthly","0.5"
"article","Open House 2025","/updates/open-house-2025","https://houserabbit.org/updates/open-house-2025","2025-04-16","monthly","0.5"
"article","Earth Day 2025","/updates/earth-day-2025","https://houserabbit.org/updates/earth-day-2025","2025-04-08","monthly","0.5"
"article","Easter 2025","/updates/easter-2025","https://houserabbit.org/updates/easter-2025","2025-04-21","monthly","0.5"
"article","Astrid","/updates/astrid","https://houserabbit.org/updates/astrid","2025-04-08","monthly","0.5"
"article","Special Needs Rabbit Highlight Simone","/updates/special-needs-rabbit-highlight-simone","https://houserabbit.org/updates/special-needs-rabbit-highlight-simone","2025-03-26","monthly","0.5"
"article","World Spay Day 2025","/updates/world-spay-day-2025","https://houserabbit.org/updates/world-spay-day-2025","2025-06-11","monthly","0.5"
"article","National Pet Vaccination Month","/updates/national-pet-vaccination-month","https://houserabbit.org/updates/national-pet-vaccination-month","2025-03-26","monthly","0.5"
"article","National Pet Poison Prevention Week","/updates/national-pet-poison-prevention-week","https://houserabbit.org/updates/national-pet-poison-prevention-week","2026-04-03","monthly","0.5"
"article","2024 Impact Report","/updates/2024-impact-report","https://houserabbit.org/updates/2024-impact-report","2025-03-24","monthly","0.5"
"article","Breaking Fantastic News Petco Stops Selling Rabbits","/updates/breaking-fantastic-news-petco-stops-selling-rabbits","https://houserabbit.org/updates/breaking-fantastic-news-petco-stops-selling-rabbits","2025-02-27","monthly","0.5"
"article","Get Out There N9t2h 7Tlgd","/updates/get-out-there-n9t2h-7tlgd","https://houserabbit.org/updates/get-out-there-n9t2h-7tlgd","2025-02-08","monthly","0.5"
"article","New Hope In Old Appalachia Lly88 9Rlkk","/updates/new-hope-in-old-appalachia-lly88-9rlkk","https://houserabbit.org/updates/new-hope-in-old-appalachia-lly88-9rlkk","2025-02-08","monthly","0.5"
"article","Education Heartache And Love","/updates/education-heartache-and-love","https://houserabbit.org/updates/education-heartache-and-love","2025-04-06","monthly","0.5"
"article","Homemade Enrichment Ideas","/updates/homemade-enrichment-ideas","https://houserabbit.org/updates/homemade-enrichment-ideas","2025-09-03","monthly","0.5"
"article","Y5hggn8hpb7s3gxuly3y5wtxpxxzqq","/updates/y5hggn8hpb7s3gxuly3y5wtxpxxzqq","https://houserabbit.org/updates/y5hggn8hpb7s3gxuly3y5wtxpxxzqq","2025-04-05","monthly","0.5"
"article","35 Years Of Leaps Amp Bounds","/updates/35-years-of-leaps-amp-bounds","https://houserabbit.org/updates/35-years-of-leaps-amp-bounds","2025-04-05","monthly","0.5"
"article","Gxzg1sd7ifxho5emegfsr5byr1a6f4","/updates/gxzg1sd7ifxho5emegfsr5byr1a6f4","https://houserabbit.org/updates/gxzg1sd7ifxho5emegfsr5byr1a6f4","2025-04-05","monthly","0.5"
"article","Saving Bunnies And Your Mental Health","/updates/saving-bunnies-and-your-mental-health","https://houserabbit.org/updates/saving-bunnies-and-your-mental-health","2025-04-05","monthly","0.5"
"article","Why Deserts Matter Too Maymt 89Dw5","/updates/why-deserts-matter-too-maymt-89dw5","https://houserabbit.org/updates/why-deserts-matter-too-maymt-89dw5","2025-02-08","monthly","0.5"
"article","Will Work For Food","/updates/will-work-for-food","https://houserabbit.org/updates/will-work-for-food","2025-04-04","monthly","0.5"
"article","77U5gqubptczvqulpmr21luennbosu","/updates/77u5gqubptczvqulpmr21luennbosu","https://houserabbit.org/updates/77u5gqubptczvqulpmr21luennbosu","2025-04-06","monthly","0.5"
"article","A Recipe For Love","/updates/a-recipe-for-love","https://houserabbit.org/updates/a-recipe-for-love","2025-04-06","monthly","0.5"
"article","Household Plants And Rabbits","/updates/household-plants-and-rabbits","https://houserabbit.org/updates/household-plants-and-rabbits","2025-04-04","monthly","0.5"
"article","The Art Of Rabbit Proofing","/updates/the-art-of-rabbit-proofing","https://houserabbit.org/updates/the-art-of-rabbit-proofing","2025-04-04","monthly","0.5"
"article","Wonderful Words For Bunny Behaviors","/updates/wonderful-words-for-bunny-behaviors","https://houserabbit.org/updates/wonderful-words-for-bunny-behaviors","2025-04-11","monthly","0.5"
"article","Av7sdke4h519gizhqpzazs5nbv4lf4","/updates/av7sdke4h519gizhqpzazs5nbv4lf4","https://houserabbit.org/updates/av7sdke4h519gizhqpzazs5nbv4lf4","2025-04-06","monthly","0.5"
"article","The Art Of Rabbit Proofing 1","/updates/the-art-of-rabbit-proofing-1","https://houserabbit.org/updates/the-art-of-rabbit-proofing-1","2025-04-11","monthly","0.5"
"article","Zgkbnvxqr4bt2uewaotwgx7ahzvjbv","/updates/zgkbnvxqr4bt2uewaotwgx7ahzvjbv","https://houserabbit.org/updates/zgkbnvxqr4bt2uewaotwgx7ahzvjbv","2025-04-05","monthly","0.5"
"article","Tf2kb9rk6zvza4h999dr8jr64cnbum","/updates/tf2kb9rk6zvza4h999dr8jr64cnbum","https://houserabbit.org/updates/tf2kb9rk6zvza4h999dr8jr64cnbum","2025-04-05","monthly","0.5"
"article","Prepare An Emergency Kit","/updates/prepare-an-emergency-kit","https://houserabbit.org/updates/prepare-an-emergency-kit","2025-04-05","monthly","0.5"
"article","To Bun Or Not To Bun","/updates/to-bun-or-not-to-bun","https://houserabbit.org/updates/to-bun-or-not-to-bun","2025-04-05","monthly","0.5"
"article","M1lzkx5tum9rx0ogzh4huxezmyip7w","/updates/m1lzkx5tum9rx0ogzh4huxezmyip7w","https://houserabbit.org/updates/m1lzkx5tum9rx0ogzh4huxezmyip7w","2025-04-05","monthly","0.5"
"article","A Tribute To Corey J Pants House Rabbit Societynbsp","/updates/a-tribute-to-corey-j-pants-house-rabbit-societynbsp","https://houserabbit.org/updates/a-tribute-to-corey-j-pants-house-rabbit-societynbsp","2025-04-11","monthly","0.5"
"article","Rabbit Emergency Bed","/updates/rabbit-emergency-bed","https://houserabbit.org/updates/rabbit-emergency-bed","2025-04-04","monthly","0.5"
"article","Seeking A Safe Rabbit Sitter In States With Rhdvnbsp","/updates/seeking-a-safe-rabbit-sitter-in-states-with-rhdvnbsp","https://houserabbit.org/updates/seeking-a-safe-rabbit-sitter-in-states-with-rhdvnbsp","2025-04-05","monthly","0.5"
"article","The Joys Of Rabbit Fostering","/updates/the-joys-of-rabbit-fostering","https://houserabbit.org/updates/the-joys-of-rabbit-fostering","2025-04-05","monthly","0.5"
"article","Rabbit And Cat Cohabitation","/updates/rabbit-and-cat-cohabitation","https://houserabbit.org/updates/rabbit-and-cat-cohabitation","2026-09-18","monthly","0.5"
"article","Bladder Sludge","/updates/bladder-sludge","https://houserabbit.org/updates/bladder-sludge","2025-04-05","monthly","0.5"
"article","Focused On Rabbits","/updates/focused-on-rabbits","https://houserabbit.org/updates/focused-on-rabbits","2025-04-11","monthly","0.5"
"article","One In A Million","/updates/one-in-a-million","https://houserabbit.org/updates/one-in-a-million","2025-04-11","monthly","0.5"
"article","Ten Pounds","/updates/ten-pounds","https://houserabbit.org/updates/ten-pounds","2025-04-05","monthly","0.5"
"article","Four Ways To Protect Your Pets During An Emergency","/updates/four-ways-to-protect-your-pets-during-an-emergency","https://houserabbit.org/updates/four-ways-to-protect-your-pets-during-an-emergency","2025-04-05","monthly","0.5"
"article","Cant Judge A Bunny By His Bite","/updates/cant-judge-a-bunny-by-his-bite","https://houserabbit.org/updates/cant-judge-a-bunny-by-his-bite","2025-04-04","monthly","0.5"
"article","Updates","/updates/category/Updates","https://houserabbit.org/updates/category/Updates","","monthly","0.5"
"article","Medical","/updates/category/Medical","https://houserabbit.org/updates/category/Medical","","monthly","0.5"
"article","Stories","/updates/category/Stories","https://houserabbit.org/updates/category/Stories","","monthly","0.5"
"article","Behavior","/updates/category/Behavior","https://houserabbit.org/updates/category/Behavior","","monthly","0.5"
"article","Community","/updates/category/community","https://houserabbit.org/updates/category/community","","monthly","0.5"
"article","Community","/updates/category/Community","https://houserabbit.org/updates/category/Community","","monthly","0.5"
"article","Care","/updates/category/Care","https://houserabbit.org/updates/category/Care","","monthly","0.5"
"article","Play","/updates/tag/play","https://houserabbit.org/updates/tag/play","","monthly","0.5"
"article","Education","/updates/tag/education","https://houserabbit.org/updates/tag/education","","monthly","0.5"
"article","Holiday+Hours","/updates/tag/holiday+hours","https://houserabbit.org/updates/tag/holiday+hours","","monthly","0.5"
"article","Mental+Health","/updates/tag/mental+health","https://houserabbit.org/updates/tag/mental+health","","monthly","0.5"
"article","Rabbits","/updates/tag/rabbits","https://houserabbit.org/updates/tag/rabbits","","monthly","0.5"
"article","Hop+Shop","/updates/tag/hop+shop","https://houserabbit.org/updates/tag/hop+shop","","monthly","0.5"
"article","Euthanasia","/updates/tag/euthanasia","https://houserabbit.org/updates/tag/euthanasia","","monthly","0.5"
"article","Year End+Giving","/updates/tag/year-end+giving","https://houserabbit.org/updates/tag/year-end+giving","","monthly","0.5"
"article","Sick","/updates/tag/sick","https://houserabbit.org/updates/tag/sick","","monthly","0.5"
"article","How+To+Care+For+A+Rabbit+Cheaply","/updates/tag/how+to+care+for+a+rabbit+cheaply","https://houserabbit.org/updates/tag/how+to+care+for+a+rabbit+cheaply","","monthly","0.5"
"article","Guinea+Pigs","/updates/tag/guinea+pigs","https://houserabbit.org/updates/tag/guinea+pigs","","monthly","0.5"
"article","Caring+For+A+Rabbit+On+A+Budget","/updates/tag/caring+for+a+rabbit+on+a+budget","https://houserabbit.org/updates/tag/caring+for+a+rabbit+on+a+budget","","monthly","0.5"
"article","Multipet+Household","/updates/tag/multipet+household","https://houserabbit.org/updates/tag/multipet+household","","monthly","0.5"
"article","Pee","/updates/tag/pee","https://houserabbit.org/updates/tag/pee","","monthly","0.5"
"article","Enrichment","/updates/tag/enrichment","https://houserabbit.org/updates/tag/enrichment","","monthly","0.5"
"article","Loss","/updates/tag/loss","https://houserabbit.org/updates/tag/loss","","monthly","0.5"
"article","Rabbit+Vaccination","/updates/tag/rabbit+vaccination","https://houserabbit.org/updates/tag/rabbit+vaccination","","monthly","0.5"
"article","Board","/updates/tag/Board","https://houserabbit.org/updates/tag/Board","","monthly","0.5"
"article","Veterinary+Training+Initiative","/updates/tag/veterinary+training+initiative","https://houserabbit.org/updates/tag/veterinary+training+initiative","","monthly","0.5"
"article","Disabled+Rabbit","/updates/tag/disabled+rabbit","https://houserabbit.org/updates/tag/disabled+rabbit","","monthly","0.5"
"article","Introducing+Rabbits","/updates/tag/introducing+rabbits","https://houserabbit.org/updates/tag/introducing+rabbits","","monthly","0.5"
"article","Match+Campaign","/updates/tag/match+campaign","https://houserabbit.org/updates/tag/match+campaign","","monthly","0.5"
"article","Foster+Rabbit","/updates/tag/foster+rabbit","https://houserabbit.org/updates/tag/foster+rabbit","","monthly","0.5"
"article","Trap","/updates/tag/trap","https://houserabbit.org/updates/tag/trap","","monthly","0.5"
"article","Abandoned","/updates/tag/abandoned","https://houserabbit.org/updates/tag/abandoned","","monthly","0.5"
"article","Giving+Tuesday","/updates/tag/giving+tuesday","https://houserabbit.org/updates/tag/giving+tuesday","","monthly","0.5"
"article","Grief","/updates/tag/grief","https://houserabbit.org/updates/tag/grief","","monthly","0.5"
"article","Bunny+Proofing","/updates/tag/bunny+proofing","https://houserabbit.org/updates/tag/bunny+proofing","","monthly","0.5"
"article","Litter+Box","/updates/tag/Litter+box","https://houserabbit.org/updates/tag/Litter+box","","monthly","0.5"
"article","Nonprofit+Organization","/updates/tag/nonprofit+organization","https://houserabbit.org/updates/tag/nonprofit+organization","","monthly","0.5"
"article","Microchipping","/updates/tag/microchipping","https://houserabbit.org/updates/tag/microchipping","","monthly","0.5"
"article","Senior+Rabbits","/updates/tag/senior+rabbits","https://houserabbit.org/updates/tag/senior+rabbits","","monthly","0.5"
"article","Rabbit+Sitter","/updates/tag/rabbit+sitter","https://houserabbit.org/updates/tag/rabbit+sitter","","monthly","0.5"
"article","Speed+Dating","/updates/tag/speed+dating","https://houserabbit.org/updates/tag/speed+dating","","monthly","0.5"
"article","Bill","/updates/tag/bill","https://houserabbit.org/updates/tag/bill","","monthly","0.5"
"article","Annual+Rabbit+Vaccine","/updates/tag/annual+rabbit+vaccine","https://houserabbit.org/updates/tag/annual+rabbit+vaccine","","monthly","0.5"
"article","Hrs+Shelter+Assistance+Program","/updates/tag/hrs+shelter+assistance+program","https://houserabbit.org/updates/tag/hrs+shelter+assistance+program","","monthly","0.5"
"article","House+Rabbit+Society+Impact+Report","/updates/tag/house+rabbit+society+impact+report","https://houserabbit.org/updates/tag/house+rabbit+society+impact+report","","monthly","0.5"
"article","Adopt+A+Rescue+Rabbit","/updates/tag/adopt+a+rescue+rabbit","https://houserabbit.org/updates/tag/adopt+a+rescue+rabbit","","monthly","0.5"
"article","Rabbit+Proofing","/updates/tag/rabbit+proofing","https://houserabbit.org/updates/tag/rabbit+proofing","","monthly","0.5"
"article","Volunteer+Board","/updates/tag/volunteer+board","https://houserabbit.org/updates/tag/volunteer+board","","monthly","0.5"
"article","Pets+And+The+Holidays","/updates/tag/pets+and+the+holidays","https://houserabbit.org/updates/tag/pets+and+the+holidays","","monthly","0.5"
"article","Rabbit+Care","/updates/tag/rabbit+care","https://houserabbit.org/updates/tag/rabbit+care","","monthly","0.5"
"article","Splay+Leg","/updates/tag/splay+leg","https://houserabbit.org/updates/tag/splay+leg","","monthly","0.5"
"article","Adopt","/updates/tag/adopt","https://houserabbit.org/updates/tag/adopt","","monthly","0.5"
"article","Foster+A+Rabbit","/updates/tag/foster+a+rabbit","https://houserabbit.org/updates/tag/foster+a+rabbit","","monthly","0.5"
"article","Rabbit+Hemorrhagic+Disease","/updates/tag/rabbit+hemorrhagic+disease","https://houserabbit.org/updates/tag/rabbit+hemorrhagic+disease","","monthly","0.5"
"article","Animal+Rescue","/updates/tag/animal+rescue","https://houserabbit.org/updates/tag/animal+rescue","","monthly","0.5"
"article","Donate+To+HRS","/updates/tag/donate+to+HRS","https://houserabbit.org/updates/tag/donate+to+HRS","","monthly","0.5"
"article","Medical","/updates/tag/Medical","https://houserabbit.org/updates/tag/Medical","","monthly","0.5"
"article","Animal+Legislation","/updates/tag/animal+legislation","https://houserabbit.org/updates/tag/animal+legislation","","monthly","0.5"
"article","Bonding+Rabbits","/updates/tag/bonding+rabbits","https://houserabbit.org/updates/tag/bonding+rabbits","","monthly","0.5"
"article","Ethics+Over+Aesthetics","/updates/tag/Ethics+over+Aesthetics","https://houserabbit.org/updates/tag/Ethics+over+Aesthetics","","monthly","0.5"
"article","Boarding","/updates/tag/boarding","https://houserabbit.org/updates/tag/boarding","","monthly","0.5"
"article","Photography","/updates/tag/photography","https://houserabbit.org/updates/tag/photography","","monthly","0.5"
"article","Rabbits+And+Guinea+Pigs","/updates/tag/rabbits+and+guinea+pigs","https://houserabbit.org/updates/tag/rabbits+and+guinea+pigs","","monthly","0.5"
"article","Care","/updates/tag/care","https://houserabbit.org/updates/tag/care","","monthly","0.5"
"article","Vaccination","/updates/tag/vaccination","https://houserabbit.org/updates/tag/vaccination","","monthly","0.5"
"article","House+Rabbit+Society+Work","/updates/tag/house+rabbit+society+work","https://houserabbit.org/updates/tag/house+rabbit+society+work","","monthly","0.5"
"article","Housing","/updates/tag/housing","https://houserabbit.org/updates/tag/housing","","monthly","0.5"
"article","Spay%2Fneuter","/updates/tag/spay%2Fneuter","https://houserabbit.org/updates/tag/spay%2Fneuter","","monthly","0.5"
"article","Rabbit+Pair","/updates/tag/rabbit+pair","https://houserabbit.org/updates/tag/rabbit+pair","","monthly","0.5"
"article","Microchip","/updates/tag/microchip","https://houserabbit.org/updates/tag/microchip","","monthly","0.5"
"article","Foster+Win","/updates/tag/foster+win","https://houserabbit.org/updates/tag/foster+win","","monthly","0.5"
"article","Holiday","/updates/tag/holiday","https://houserabbit.org/updates/tag/holiday","","monthly","0.5"
"article","Donate+To+House+Rabbit+Society","/updates/tag/donate+to+house+rabbit+society","https://houserabbit.org/updates/tag/donate+to+house+rabbit+society","","monthly","0.5"
"article","Pictures","/updates/tag/pictures","https://houserabbit.org/updates/tag/pictures","","monthly","0.5"
"article","Products","/updates/tag/products","https://houserabbit.org/updates/tag/products","","monthly","0.5"
"article","RHDV2","/updates/tag/RHDV2","https://houserabbit.org/updates/tag/RHDV2","","monthly","0.5"
"article","Knowing+When+Its+Time","/updates/tag/knowing+when+its+time","https://houserabbit.org/updates/tag/knowing+when+its+time","","monthly","0.5"
"article","Vocabulary","/updates/tag/vocabulary","https://houserabbit.org/updates/tag/vocabulary","","monthly","0.5"
"article","House+Rabbit","/updates/tag/house+rabbit","https://houserabbit.org/updates/tag/house+rabbit","","monthly","0.5"
"article","Earth+Day","/updates/tag/earth+day","https://houserabbit.org/updates/tag/earth+day","","monthly","0.5"
"article","Small+Apartment","/updates/tag/small+apartment","https://houserabbit.org/updates/tag/small+apartment","","monthly","0.5"
"article","Foster+A+Bunny","/updates/tag/foster+a+bunny","https://houserabbit.org/updates/tag/foster+a+bunny","","monthly","0.5"
"article","Behavior","/updates/tag/behavior","https://houserabbit.org/updates/tag/behavior","","monthly","0.5"
"article","Multilingual","/updates/tag/multilingual","https://houserabbit.org/updates/tag/multilingual","","monthly","0.5"
"article","Freewill","/updates/tag/freewill","https://houserabbit.org/updates/tag/freewill","","monthly","0.5"
"article","Fostering","/updates/tag/fostering","https://houserabbit.org/updates/tag/fostering","","monthly","0.5"
"article","Adopt+A+Rabbit","/updates/tag/adopt+a+rabbit","https://houserabbit.org/updates/tag/adopt+a+rabbit","","monthly","0.5"
"article","Litter","/updates/tag/litter","https://houserabbit.org/updates/tag/litter","","monthly","0.5"
"article","Let+Bunnies+Fly","/updates/tag/let+bunnies+fly","https://houserabbit.org/updates/tag/let+bunnies+fly","","monthly","0.5"
"article","Legacy+Giving","/updates/tag/legacy+giving","https://houserabbit.org/updates/tag/legacy+giving","","monthly","0.5"
"article","Words","/updates/tag/words","https://houserabbit.org/updates/tag/words","","monthly","0.5"
"article","Health","/updates/tag/health","https://houserabbit.org/updates/tag/health","","monthly","0.5"
"article","House+Rabbit+Society+Medical+Program","/updates/tag/house+rabbit+society+medical+program","https://houserabbit.org/updates/tag/house+rabbit+society+medical+program","","monthly","0.5"
"article","Digging","/updates/tag/digging","https://houserabbit.org/updates/tag/digging","","monthly","0.5"
"article","Bunny+Holiday+Safety","/updates/tag/bunny+holiday+safety","https://houserabbit.org/updates/tag/bunny+holiday+safety","","monthly","0.5"
"article","House+Rabbit+Society+Classes","/updates/tag/house+rabbit+society+classes","https://houserabbit.org/updates/tag/house+rabbit+society+classes","","monthly","0.5"
"article","RHDV","/updates/tag/RHDV","https://houserabbit.org/updates/tag/RHDV","","monthly","0.5"
"article","RHDV2+Vaccination","/updates/tag/RHDV2+vaccination","https://houserabbit.org/updates/tag/RHDV2+vaccination","","monthly","0.5"
"article","Cats","/updates/tag/cats","https://houserabbit.org/updates/tag/cats","","monthly","0.5"
"article","Board+Member","/updates/tag/Board+Member","https://houserabbit.org/updates/tag/Board+Member","","monthly","0.5"
"article","Outdoors","/updates/tag/outdoors","https://houserabbit.org/updates/tag/outdoors","","monthly","0.5"
"article","House+Rabbit+Society+Veterinary+Program","/updates/tag/house+rabbit+society+veterinary+program","https://houserabbit.org/updates/tag/house+rabbit+society+veterinary+program","","monthly","0.5"
"article","DIY","/updates/tag/DIY","https://houserabbit.org/updates/tag/DIY","","monthly","0.5"
"article","Foster","/updates/tag/foster","https://houserabbit.org/updates/tag/foster","","monthly","0.5"
"article","HRS+Vet+Program","/updates/tag/HRS+vet+program","https://houserabbit.org/updates/tag/HRS+vet+program","","monthly","0.5"
"article","Closed","/updates/tag/closed","https://houserabbit.org/updates/tag/closed","","monthly","0.5"
"article","Travel","/updates/tag/travel","https://houserabbit.org/updates/tag/travel","","monthly","0.5"
"article","Rhdv","/updates/tag/rhdv","https://houserabbit.org/updates/tag/rhdv","","monthly","0.5"
"article","GI+Stasis","/updates/tag/GI+stasis","https://houserabbit.org/updates/tag/GI+stasis","","monthly","0.5"
"article","HRS+Classes","/updates/tag/HRS+classes","https://houserabbit.org/updates/tag/HRS+classes","","monthly","0.5"
"article","Medical","/updates/tag/medical","https://houserabbit.org/updates/tag/medical","","monthly","0.5"
"article","Rabbit+Stasis","/updates/tag/rabbit+stasis","https://houserabbit.org/updates/tag/rabbit+stasis","","monthly","0.5"
"article","Animal+Welfare","/updates/tag/animal+welfare","https://houserabbit.org/updates/tag/animal+welfare","","monthly","0.5"
"article","Urine","/updates/tag/urine","https://houserabbit.org/updates/tag/urine","","monthly","0.5"
"article","Not+Eating","/updates/tag/not+eating","https://houserabbit.org/updates/tag/not+eating","","monthly","0.5"
"article","Pet+Sitter","/updates/tag/pet+sitter","https://houserabbit.org/updates/tag/pet+sitter","","monthly","0.5"
"article","Emergency","/updates/tag/emergency","https://houserabbit.org/updates/tag/emergency","","monthly","0.5"
"article","Foster+Fail","/updates/tag/foster+fail","https://houserabbit.org/updates/tag/foster+fail","","monthly","0.5"
"article","Language","/updates/tag/language","https://houserabbit.org/updates/tag/language","","monthly","0.5"
"article","Small+Home","/updates/tag/small+home","https://houserabbit.org/updates/tag/small+home","","monthly","0.5"
"article","Easter","/updates/tag/easter","https://houserabbit.org/updates/tag/easter","","monthly","0.5"
"article","Rabbit+Speed+Dating","/updates/tag/rabbit+speed+dating","https://houserabbit.org/updates/tag/rabbit+speed+dating","","monthly","0.5"
"article","Saving+Money+On+Rabbit+Care","/updates/tag/saving+money+on+rabbit+care","https://houserabbit.org/updates/tag/saving+money+on+rabbit+care","","monthly","0.5"
"article","Pairs","/updates/tag/pairs","https://houserabbit.org/updates/tag/pairs","","monthly","0.5"
"article","Affordable+Rabbit+Care+Tips","/updates/tag/affordable+rabbit+care+tips","https://houserabbit.org/updates/tag/affordable+rabbit+care+tips","","monthly","0.5"
"article","Rabbit+Holiday+Safety","/updates/tag/rabbit+holiday+safety","https://houserabbit.org/updates/tag/rabbit+holiday+safety","","monthly","0.5"
"article","Updates","/updates/tag/Updates","https://houserabbit.org/updates/tag/Updates","","monthly","0.5"
"article","Diy","/updates/tag/diy","https://houserabbit.org/updates/tag/diy","","monthly","0.5"
"article","Rabbit+Medical+Care","/updates/tag/rabbit+medical+care","https://houserabbit.org/updates/tag/rabbit+medical+care","","monthly","0.5"
"article","Saying+Goodbye","/updates/tag/saying+goodbye","https://houserabbit.org/updates/tag/saying+goodbye","","monthly","0.5"
"article","Flying+With+A+Rabbit","/updates/tag/flying+with+a+rabbit","https://houserabbit.org/updates/tag/flying+with+a+rabbit","","monthly","0.5"
"article","Behavior","/updates/tag/Behavior","https://houserabbit.org/updates/tag/Behavior","","monthly","0.5"
"article","Bunnysitting","/updates/tag/bunnysitting","https://houserabbit.org/updates/tag/bunnysitting","","monthly","0.5"
"article","HRS+Medical+Program","/updates/tag/HRS+medical+program","https://houserabbit.org/updates/tag/HRS+medical+program","","monthly","0.5"
"article","Let+Rabbits+Fly","/updates/tag/let+rabbits+fly","https://houserabbit.org/updates/tag/let+rabbits+fly","","monthly","0.5"
"article","Wild+Rabbits","/updates/tag/wild+rabbits","https://houserabbit.org/updates/tag/wild+rabbits","","monthly","0.5"
"article","Small+Space","/updates/tag/small+space","https://houserabbit.org/updates/tag/small+space","","monthly","0.5"
"article","Rabbits+And+The+Holidays","/updates/tag/rabbits+and+the+holidays","https://houserabbit.org/updates/tag/rabbits+and+the+holidays","","monthly","0.5"
"article","Budget","/updates/tag/budget","https://houserabbit.org/updates/tag/budget","","monthly","0.5"
"article","Donate+To+Help+Rabbits","/updates/tag/donate+to+help+rabbits","https://houserabbit.org/updates/tag/donate+to+help+rabbits","","monthly","0.5"
"article","Benefits+Of+Microchipping","/updates/tag/benefits+of+microchipping","https://houserabbit.org/updates/tag/benefits+of+microchipping","","monthly","0.5"
"article","Rabbit+Airline+Requirements","/updates/tag/rabbit+airline+requirements","https://houserabbit.org/updates/tag/rabbit+airline+requirements","","monthly","0.5"
"article","House+Rabbit+Society+Stats","/updates/tag/house+rabbit+society+stats","https://houserabbit.org/updates/tag/house+rabbit+society+stats","","monthly","0.5"
"article","Finding+A+Rabbit+Petsitter","/updates/tag/finding+a+rabbit+petsitter","https://houserabbit.org/updates/tag/finding+a+rabbit+petsitter","","monthly","0.5"
"article","Capture","/updates/tag/capture","https://houserabbit.org/updates/tag/capture","","monthly","0.5"
"article","Pet+Sitting","/updates/tag/pet+sitting","https://houserabbit.org/updates/tag/pet+sitting","","monthly","0.5"
"article","Do+It+Yourself","/updates/tag/Do+it+yourself","https://houserabbit.org/updates/tag/Do+it+yourself","","monthly","0.5"
"article","Rabbit+GI+Stasis","/updates/tag/rabbit+GI+stasis","https://houserabbit.org/updates/tag/rabbit+GI+stasis","","monthly","0.5"
"article","Destroying","/updates/tag/destroying","https://houserabbit.org/updates/tag/destroying","","monthly","0.5"
"article","Quality+Of+Life","/updates/tag/Quality+of+life","https://houserabbit.org/updates/tag/Quality+of+life","","monthly","0.5"
"article","Elder+Rabbits","/updates/tag/elder+rabbits","https://houserabbit.org/updates/tag/elder+rabbits","","monthly","0.5"
"article","Volunteer","/updates/tag/volunteer","https://houserabbit.org/updates/tag/volunteer","","monthly","0.5"
"article","Bunny+Sitter","/updates/tag/bunny+sitter","https://houserabbit.org/updates/tag/bunny+sitter","","monthly","0.5"
"article","Outside","/updates/tag/outside","https://houserabbit.org/updates/tag/outside","","monthly","0.5"
"article","Foster+Bunny","/updates/tag/foster+bunny","https://houserabbit.org/updates/tag/foster+bunny","","monthly","0.5"
"article","Golden+Ears","/updates/tag/golden+ears","https://houserabbit.org/updates/tag/golden+ears","","monthly","0.5"
"article","End+Of+Life+Care","/updates/tag/end+of+life+care","https://houserabbit.org/updates/tag/end+of+life+care","","monthly","0.5"
"article","CA+AB1382","/updates/tag/CA+AB1382","https://houserabbit.org/updates/tag/CA+AB1382","","monthly","0.5"
"article","Shop","/updates/tag/shop","https://houserabbit.org/updates/tag/shop","","monthly","0.5"
"article","Adopt+A+Rescue+Rabbit+Month","/updates/tag/adopt+a+rescue+rabbit+month","https://houserabbit.org/updates/tag/adopt+a+rescue+rabbit+month","","monthly","0.5"
"article","Multilingual+Resources","/updates/tag/multilingual+resources","https://houserabbit.org/updates/tag/multilingual+resources","","monthly","0.5"
"article","Megacolon+Rabbit","/updates/tag/megacolon+rabbit","https://houserabbit.org/updates/tag/megacolon+rabbit","","monthly","0.5"
"article","Estate+Planning","/updates/tag/estate+planning","https://houserabbit.org/updates/tag/estate+planning","","monthly","0.5"
"article","Not+Pooping","/updates/tag/not+pooping","https://houserabbit.org/updates/tag/not+pooping","","monthly","0.5"
"article","Rabbits+In+Need","/updates/tag/rabbits+in+need","https://houserabbit.org/updates/tag/rabbits+in+need","","monthly","0.5"
"article","Animal+Shelter","/updates/tag/animal+shelter","https://houserabbit.org/updates/tag/animal+shelter","","monthly","0.5"
"article","Personality","/updates/tag/personality","https://houserabbit.org/updates/tag/personality","","monthly","0.5"
"article","Rabbit+Dating","/updates/tag/rabbit+dating","https://houserabbit.org/updates/tag/rabbit+dating","","monthly","0.5"
"article","Rabbit+Rescue","/updates/tag/rabbit+rescue","https://houserabbit.org/updates/tag/rabbit+rescue","","monthly","0.5"
"article","Stories","/updates/tag/Stories","https://houserabbit.org/updates/tag/Stories","","monthly","0.5"
"article","Dumped","/updates/tag/dumped","https://houserabbit.org/updates/tag/dumped","","monthly","0.5"
"article","Rescue","/updates/tag/rescue","https://houserabbit.org/updates/tag/rescue","","monthly","0.5"
"article","HRS+Hop+Shop","/updates/tag/HRS+hop+shop","https://houserabbit.org/updates/tag/HRS+hop+shop","","monthly","0.5"
"article","Open+House","/updates/tag/open+house","https://houserabbit.org/updates/tag/open+house","","monthly","0.5"
"article","Flying+With+A+Bunny","/updates/tag/flying+with+a+bunny","https://houserabbit.org/updates/tag/flying+with+a+bunny","","monthly","0.5"
"article","Multispecies+Household","/updates/tag/multispecies+household","https://houserabbit.org/updates/tag/multispecies+household","","monthly","0.5"
"article","Sludge","/updates/tag/sludge","https://houserabbit.org/updates/tag/sludge","","monthly","0.5"
"article","Toys","/updates/tag/toys","https://houserabbit.org/updates/tag/toys","","monthly","0.5"
"article","Stories","/updates/tag/stories","https://houserabbit.org/updates/tag/stories","","monthly","0.5"
"article","Special+Needs","/updates/tag/special+needs","https://houserabbit.org/updates/tag/special+needs","","monthly","0.5"
"article","Megacolon","/updates/tag/megacolon","https://houserabbit.org/updates/tag/megacolon","","monthly","0.5"
"article","Rabbit+Emergency","/updates/tag/rabbit+emergency","https://houserabbit.org/updates/tag/rabbit+emergency","","monthly","0.5"
"article","Newborn","/updates/tag/newborn","https://houserabbit.org/updates/tag/newborn","","monthly","0.5"
"article","Chewing","/updates/tag/chewing","https://houserabbit.org/updates/tag/chewing","","monthly","0.5"
"article","Bunny+Sitting","/updates/tag/bunny+sitting","https://houserabbit.org/updates/tag/bunny+sitting","","monthly","0.5"
"article","House+Rabbit+Society","/updates/tag/house+rabbit+society","https://houserabbit.org/updates/tag/house+rabbit+society","","monthly","0.5"
"article","Rabbit+With+Megacolon","/updates/tag/rabbit+with+megacolon","https://houserabbit.org/updates/tag/rabbit+with+megacolon","","monthly","0.5"
"article","Rabbit+Emergency+Kit","/updates/tag/rabbit+emergency+kit","https://houserabbit.org/updates/tag/rabbit+emergency+kit","","monthly","0.5"
"article","Bonding","/updates/tag/bonding","https://houserabbit.org/updates/tag/bonding","","monthly","0.5"
"article","Pregnant+Mother","/updates/tag/pregnant+mother","https://houserabbit.org/updates/tag/pregnant+mother","","monthly","0.5"
"article","Bladder","/updates/tag/bladder","https://houserabbit.org/updates/tag/bladder","","monthly","0.5"
"article","Baby","/updates/tag/baby","https://houserabbit.org/updates/tag/baby","","monthly","0.5"
"article","Clear+The+Shelters","/updates/tag/clear+the+shelters","https://houserabbit.org/updates/tag/clear+the+shelters","","monthly","0.5"
"article","Make+A+Will+Month","/updates/tag/make+a+will+month","https://houserabbit.org/updates/tag/make+a+will+month","","monthly","0.5"
"article","Community","/updates/tag/Community","https://houserabbit.org/updates/tag/Community","","monthly","0.5"
"article","Board+Of+Directors","/updates/tag/Board+of+Directors","https://houserabbit.org/updates/tag/Board+of+Directors","","monthly","0.5"
"event","Events","/events","https://houserabbit.org/events","2026-09-18","daily","0.75"
"event","Introduction To Grooming Wf75a Rs6ka Rftlc Mlgw5","/events/introduction-to-grooming-wf75a-rs6ka-rftlc-mlgw5","https://houserabbit.org/events/introduction-to-grooming-wf75a-rs6ka-rftlc-mlgw5","2026-09-18","monthly","0.5"
"event","Introduction To Grooming Wf75a Rs6ka Rftlc","/events/introduction-to-grooming-wf75a-rs6ka-rftlc","https://houserabbit.org/events/introduction-to-grooming-wf75a-rs6ka-rftlc","2026-09-18","monthly","0.5"
"event","December 2026 Petco Event","/events/december-2026-petco-event","https://houserabbit.org/events/december-2026-petco-event","2026-08-08","monthly","0.5"
"event","November 2026 Petco Event","/events/november-2026-petco-event","https://houserabbit.org/events/november-2026-petco-event","2026-08-08","monthly","0.5"
"event","October 2026 Petco Event","/events/october-2026-petco-event","https://houserabbit.org/events/october-2026-petco-event","2026-08-08","monthly","0.5"
"event","September 2026 Petco Event","/events/september-2026-petco-event","https://houserabbit.org/events/september-2026-petco-event","2026-08-08","monthly","0.5"
"event","August 2026 Petco Event","/events/august-2026-petco-event","https://houserabbit.org/events/august-2026-petco-event","2026-08-08","monthly","0.5"
"event","2026Barkandmeow","/events/2026barkandmeow","https://houserabbit.org/events/2026barkandmeow","2026-08-07","monthly","0.5"
"event","Rabbit Health Class Aug2026","/events/rabbit-health-class-aug2026","https://houserabbit.org/events/rabbit-health-class-aug2026","2026-07-30","monthly","0.5"
"event","Fall2026photofundraiser","/events/fall2026photofundraiser","https://houserabbit.org/events/fall2026photofundraiser","2026-07-28","monthly","0.5"
"event","Rwar Bayview Aug2026","/events/rwar-bayview-aug2026","https://houserabbit.org/events/rwar-bayview-aug2026","2026-07-23","monthly","0.5"
"event","Wellness Wednesday July2026 8Mwm3","/events/wellness-wednesday-july2026-8mwm3","https://houserabbit.org/events/wellness-wednesday-july2026-8mwm3","2026-08-20","monthly","0.5"
"event","Wellness Wednesday July2026","/events/wellness-wednesday-july2026","https://houserabbit.org/events/wellness-wednesday-july2026","2026-07-23","monthly","0.5"
"event","July 2026 Petco Event","/events/july-2026-petco-event","https://houserabbit.org/events/july-2026-petco-event","2026-08-08","monthly","0.5"
"event","Mwv7us7u8m3zqvw02zi7lkcfwnxu5d 9Jpl7","/events/mwv7us7u8m3zqvw02zi7lkcfwnxu5d-9jpl7","https://houserabbit.org/events/mwv7us7u8m3zqvw02zi7lkcfwnxu5d-9jpl7","2026-07-09","monthly","0.5"
"event","Mwv7us7u8m3zqvw02zi7lkcfwnxu5d","/events/mwv7us7u8m3zqvw02zi7lkcfwnxu5d","https://houserabbit.org/events/mwv7us7u8m3zqvw02zi7lkcfwnxu5d","2026-07-09","monthly","0.5"
"event","Rich City Day 2026","/events/rich-city-day-2026","https://houserabbit.org/events/rich-city-day-2026","2026-06-12","monthly","0.5"
"event","Idss4f74w7kjc9qw1d9zynh8p26j70","/events/idss4f74w7kjc9qw1d9zynh8p26j70","https://houserabbit.org/events/idss4f74w7kjc9qw1d9zynh8p26j70","2026-04-22","monthly","0.5"
"event","Rabbit Yoga Spring2026","/events/rabbit-yoga-spring2026","https://houserabbit.org/events/rabbit-yoga-spring2026","2026-03-25","monthly","0.5"
"event","2026 Mr Mopps","/events/2026-mr-mopps","https://houserabbit.org/events/2026-mr-mopps","2026-03-11","monthly","0.5"
"event","Richmond Spring Fling","/events/richmond-spring-fling","https://houserabbit.org/events/richmond-spring-fling","2026-03-11","monthly","0.5"
"event","Read With A Rabbit Richmond Library","/events/read-with-a-rabbit-richmond-library","https://houserabbit.org/events/read-with-a-rabbit-richmond-library","2026-03-11","monthly","0.5"
"event","2026 Spring Fundraiser","/events/2026-spring-fundraiser","https://houserabbit.org/events/2026-spring-fundraiser","2026-03-11","monthly","0.5"
"event","Event Two Ncfyp 7F5l2","/events/event-two-ncfyp-7f5l2","https://houserabbit.org/events/event-two-ncfyp-7f5l2","2026-05-09","monthly","0.5"
"event","Introduction To Grooming Wf75a Rs6ka","/events/introduction-to-grooming-wf75a-rs6ka","https://houserabbit.org/events/introduction-to-grooming-wf75a-rs6ka","2026-01-31","monthly","0.5"
"event","Introduction To Grooming Wf75a","/events/introduction-to-grooming-wf75a","https://houserabbit.org/events/introduction-to-grooming-wf75a","2026-01-31","monthly","0.5"
"event","Hrs Rabbit Essential Pantry Dm2wl Kdy7t Pjp37 7Fxhj 59Fgh 8Ksnz Twerg Ahlpp 4Lt75 84H82","/events/hrs-rabbit-essential-pantry-dm2wl-kdy7t-pjp37-7fxhj-59fgh-8ksnz-twerg-ahlpp-4lt75-84h82","https://houserabbit.org/events/hrs-rabbit-essential-pantry-dm2wl-kdy7t-pjp37-7fxhj-59fgh-8ksnz-twerg-ahlpp-4lt75-84h82","2026-04-10","monthly","0.5"
"event","Hrs Rabbit Essential Pantry Dm2wl Kdy7t Pjp37 7Fxhj 59Fgh 8Ksnz Twerg Ahlpp 4Lt75","/events/hrs-rabbit-essential-pantry-dm2wl-kdy7t-pjp37-7fxhj-59fgh-8ksnz-twerg-ahlpp-4lt75","https://houserabbit.org/events/hrs-rabbit-essential-pantry-dm2wl-kdy7t-pjp37-7fxhj-59fgh-8ksnz-twerg-ahlpp-4lt75","2026-04-10","monthly","0.5"
"event","Hrs Rabbit Essential Pantry Dm2wl Kdy7t Pjp37 7Fxhj 59Fgh 8Ksnz Twerg Ahlpp","/events/hrs-rabbit-essential-pantry-dm2wl-kdy7t-pjp37-7fxhj-59fgh-8ksnz-twerg-ahlpp","https://houserabbit.org/events/hrs-rabbit-essential-pantry-dm2wl-kdy7t-pjp37-7fxhj-59fgh-8ksnz-twerg-ahlpp","2026-04-10","monthly","0.5"
"event","Hrs Rabbit Essential Pantry Dm2wl Kdy7t Pjp37 7Fxhj 59Fgh 8Ksnz Twerg","/events/hrs-rabbit-essential-pantry-dm2wl-kdy7t-pjp37-7fxhj-59fgh-8ksnz-twerg","https://houserabbit.org/events/hrs-rabbit-essential-pantry-dm2wl-kdy7t-pjp37-7fxhj-59fgh-8ksnz-twerg","2026-04-10","monthly","0.5"
"event","Hrs Rabbit Essential Pantry Dm2wl Kdy7t Pjp37 7Fxhj 59Fgh 8Ksnz","/events/hrs-rabbit-essential-pantry-dm2wl-kdy7t-pjp37-7fxhj-59fgh-8ksnz","https://houserabbit.org/events/hrs-rabbit-essential-pantry-dm2wl-kdy7t-pjp37-7fxhj-59fgh-8ksnz","2026-04-10","monthly","0.5"
"event","Hrs Rabbit Essential Pantry Dm2wl Kdy7t Pjp37 7Fxhj 59Fgh","/events/hrs-rabbit-essential-pantry-dm2wl-kdy7t-pjp37-7fxhj-59fgh","https://houserabbit.org/events/hrs-rabbit-essential-pantry-dm2wl-kdy7t-pjp37-7fxhj-59fgh","2026-04-10","monthly","0.5"
"event","Hrs Rabbit Essential Pantry Dm2wl Kdy7t Pjp37 7Fxhj","/events/hrs-rabbit-essential-pantry-dm2wl-kdy7t-pjp37-7fxhj","https://houserabbit.org/events/hrs-rabbit-essential-pantry-dm2wl-kdy7t-pjp37-7fxhj","2026-04-10","monthly","0.5"
"event","Hrs Rabbit Essential Pantry Dm2wl Kdy7t Pjp37","/events/hrs-rabbit-essential-pantry-dm2wl-kdy7t-pjp37","https://houserabbit.org/events/hrs-rabbit-essential-pantry-dm2wl-kdy7t-pjp37","2026-04-10","monthly","0.5"
"event","Hrs Rabbit Essential Pantry Dm2wl Kdy7t","/events/hrs-rabbit-essential-pantry-dm2wl-kdy7t","https://houserabbit.org/events/hrs-rabbit-essential-pantry-dm2wl-kdy7t","2026-01-31","monthly","0.5"
"event","Hrs Rabbit Essential Pantry Dm2wl","/events/hrs-rabbit-essential-pantry-dm2wl","https://houserabbit.org/events/hrs-rabbit-essential-pantry-dm2wl","2026-01-31","monthly","0.5"
"event","Hrs Rabbit Essential Pantry","/events/hrs-rabbit-essential-pantry","https://houserabbit.org/events/hrs-rabbit-essential-pantry","2026-01-31","monthly","0.5"
"event","Claremont Hotel Spring Carnival","/events/claremont-hotel-spring-carnival","https://houserabbit.org/events/claremont-hotel-spring-carnival","2026-03-21","monthly","0.5"
"event","Introduction To Grooming Sksxg","/events/introduction-to-grooming-sksxg","https://houserabbit.org/events/introduction-to-grooming-sksxg","2026-01-31","monthly","0.5"
"event","Introduction To Grooming","/events/introduction-to-grooming","https://houserabbit.org/events/introduction-to-grooming","2026-01-31","monthly","0.5"
"event","Rabbit Yoga","/events/rabbit-yoga","https://houserabbit.org/events/rabbit-yoga","2026-03-25","monthly","0.5"
"event","Senior Rabbit Class Jan 23 2025 2Sjzt","/events/senior-rabbit-class-jan-23-2025-2sjzt","https://houserabbit.org/events/senior-rabbit-class-jan-23-2025-2sjzt","2025-12-18","monthly","0.5"
"event","Senior Rabbit Class Jan 23 2025","/events/senior-rabbit-class-jan-23-2025","https://houserabbit.org/events/senior-rabbit-class-jan-23-2025","2025-12-18","monthly","0.5"
"event","Monthly Petco Adoption Event November 2025","/events/monthly-petco-adoption-event-november-2025","https://houserabbit.org/events/monthly-petco-adoption-event-november-2025","2025-10-09","monthly","0.5"
"event","Monthly Rabbit Essentials Pantry November 2025","/events/monthly-rabbit-essentials-pantry-november-2025","https://houserabbit.org/events/monthly-rabbit-essentials-pantry-november-2025","2025-10-09","monthly","0.5"
"event","Atchison Village Community Day","/events/atchison-village-community-day","https://houserabbit.org/events/atchison-village-community-day","2025-10-04","monthly","0.5"
"event","Senior Rabbit Class 10 25","/events/senior-rabbit-class-10-25","https://houserabbit.org/events/senior-rabbit-class-10-25","2025-09-26","monthly","0.5"
"event","Senior Rabbit Class 10 16","/events/senior-rabbit-class-10-16","https://houserabbit.org/events/senior-rabbit-class-10-16","2025-09-26","monthly","0.5"
"event","Read To A Rabbit San Pablo Library 11 15","/events/read-to-a-rabbit-san-pablo-library-11-15","https://houserabbit.org/events/read-to-a-rabbit-san-pablo-library-11-15","2025-09-26","monthly","0.5"
"event","Read To A Rabbit San Pablo Library 10 11","/events/read-to-a-rabbit-san-pablo-library-10-11","https://houserabbit.org/events/read-to-a-rabbit-san-pablo-library-10-11","2025-09-26","monthly","0.5"
"event","Read To A Rabbit San Pablo Library","/events/read-to-a-rabbit-san-pablo-library","https://houserabbit.org/events/read-to-a-rabbit-san-pablo-library","2025-09-26","monthly","0.5"
"event","Monthly Petco Adoption Event October 2025","/events/monthly-petco-adoption-event-october-2025","https://houserabbit.org/events/monthly-petco-adoption-event-october-2025","2025-09-14","monthly","0.5"
"event","Monthly Rabbit Essentials Pantry October 2025","/events/monthly-rabbit-essentials-pantry-october-2025","https://houserabbit.org/events/monthly-rabbit-essentials-pantry-october-2025","2025-09-14","monthly","0.5"
"event","Introduction To Rabbit Grooming 10 19","/events/introduction-to-rabbit-grooming-10-19","https://houserabbit.org/events/introduction-to-rabbit-grooming-10-19","2025-09-04","monthly","0.5"
"event","Holiday Portrait Photo Fundraiser Day 1","/events/holiday-portrait-photo-fundraiser-day-1","https://houserabbit.org/events/holiday-portrait-photo-fundraiser-day-1","2025-09-01","monthly","0.5"
"event","Holiday Portrait Photo Fundraiser Day 2","/events/holiday-portrait-photo-fundraiser-day-2","https://houserabbit.org/events/holiday-portrait-photo-fundraiser-day-2","2026-03-11","monthly","0.5"
"event","Monthly Petco Adoption Event","/events/monthly-petco-adoption-event","https://houserabbit.org/events/monthly-petco-adoption-event","2025-09-14","monthly","0.5"
"event","4Th Annual Holiday Bunny Bazaar","/events/4th-annual-holiday-bunny-bazaar","https://houserabbit.org/events/4th-annual-holiday-bunny-bazaar","2025-08-22","monthly","0.5"
"event","Holiday Boarding Sign Ups Open","/events/holiday-boarding-sign-ups-open","https://houserabbit.org/events/holiday-boarding-sign-ups-open","2025-08-17","monthly","0.5"
"event","Clear The Shelters","/events/clear-the-shelters","https://houserabbit.org/events/clear-the-shelters","2025-08-17","monthly","0.5"
"event","Hrs Harvest Festival 2025","/events/hrs-harvest-festival-2025","https://houserabbit.org/events/hrs-harvest-festival-2025","2025-10-02","monthly","0.5"
"event","Monthly Rabbit Essentials Pantry 46Bxx","/events/monthly-rabbit-essentials-pantry-46bxx","https://houserabbit.org/events/monthly-rabbit-essentials-pantry-46bxx","2025-08-14","monthly","0.5"
"event","Hrs Arts And Crafts Night","/events/hrs-arts-and-crafts-night","https://houserabbit.org/events/hrs-arts-and-crafts-night","2025-07-31","monthly","0.5"
"event","Monthly Rabbit Essentials Pantry","/events/monthly-rabbit-essentials-pantry","https://houserabbit.org/events/monthly-rabbit-essentials-pantry","2025-08-14","monthly","0.5"
"event","Introduction To Rabbit Grooming","/events/introduction-to-rabbit-grooming","https://houserabbit.org/events/introduction-to-rabbit-grooming","2025-09-04","monthly","0.5"
"event","Berkeley Humanes Bark Around The Block","/events/berkeley-humanes-bark-around-the-block","https://houserabbit.org/events/berkeley-humanes-bark-around-the-block","2025-06-19","monthly","0.5"
"event","Come See Hrs In Martinez","/events/come-see-hrs-in-martinez","https://houserabbit.org/events/come-see-hrs-in-martinez","2025-06-19","monthly","0.5"
"event","Bunnies Brews Adoption Event","/events/bunnies-brews-adoption-event","https://houserabbit.org/events/bunnies-brews-adoption-event","2025-06-19","monthly","0.5"
"event","Come See Hrs In San Francisco","/events/come-see-hrs-in-san-francisco","https://houserabbit.org/events/come-see-hrs-in-san-francisco","2025-05-30","monthly","0.5"
"event","Rich City Day","/events/rich-city-day","https://houserabbit.org/events/rich-city-day","2025-05-22","monthly","0.5"
"event","Richmond Rainbow Pride","/events/richmond-rainbow-pride","https://houserabbit.org/events/richmond-rainbow-pride","2025-05-22","monthly","0.5"
"event","Event One Dhc4c","/events/event-one-dhc4c","https://houserabbit.org/events/event-one-dhc4c","2025-05-16","monthly","0.5"
"event","Event Two Ncfyp","/events/event-two-ncfyp","https://houserabbit.org/events/event-two-ncfyp","2026-02-19","monthly","0.5"
"page","Howtoadopt","/howtoadopt","https://houserabbit.org/howtoadopt","2026-06-04","daily","1.0"
"page","Adoptables","/adoptables","https://houserabbit.org/adoptables","2026-05-01","daily","0.75"
"page","Volunteer","/volunteer","https://houserabbit.org/volunteer","2026-04-10","daily","0.75"
"page","All Services","/all-services","https://houserabbit.org/all-services","2025-04-29","daily","0.75"
"page","Bay Area Resources","/bay-area-resources","https://houserabbit.org/bay-area-resources","2025-05-10","daily","0.75"
"page","Mission","/mission","https://houserabbit.org/mission","2025-05-10","daily","0.75"
"page","Programs","/programs","https://houserabbit.org/programs","2025-05-10","daily","0.75"
"page","Private Home Adoption","/private-home-adoption","https://houserabbit.org/private-home-adoption","2026-07-23","daily","0.75"
"page","Care","/care","https://houserabbit.org/care","2025-12-03","daily","0.75"
"page","Financials","/financials","https://houserabbit.org/financials","2026-01-24","daily","0.75"
"page","Visit","/visit","https://houserabbit.org/visit","2026-01-09","daily","0.75"
"page","Children And Rabbits","/children-and-rabbits","https://houserabbit.org/children-and-rabbits","2025-05-10","daily","0.75"
"page","Single Or Pair","/single-or-pair","https://houserabbit.org/single-or-pair","2025-05-10","daily","0.75"
"page","Articles","/articles","https://houserabbit.org/articles","2025-11-07","daily","0.75"
"page","Affiliates","/affiliates","https://houserabbit.org/affiliates","2026-06-23","daily","0.75"
"page","Staff","/staff","https://houserabbit.org/staff","2026-05-27","daily","0.75"
"page","Chapters","/chapters","https://houserabbit.org/chapters","2026-06-23","daily","0.75"
"page","Shelter Assistance","/shelter-assistance","https://houserabbit.org/shelter-assistance","2026-03-20","daily","0.75"
"page","Veterinaryinitiative","/veterinaryinitiative","https://houserabbit.org/veterinaryinitiative","2025-08-29","daily","0.75"
"page","Foster","/foster","https://houserabbit.org/foster","2025-05-10","daily","0.75"
"page","Journal","/journal","https://houserabbit.org/journal","2026-01-09","daily","0.75"
"page","Donate","/donate","https://houserabbit.org/donate","2026-02-13","daily","0.75"
"page","One Time","/one-time","https://houserabbit.org/one-time","2025-05-10","daily","0.75"
"page","Tribute","/tribute","https://houserabbit.org/tribute","2025-05-10","daily","0.75"
"page","Recurring","/recurring","https://houserabbit.org/recurring","2026-02-13","daily","0.75"
"page","Boarding","/boarding","https://houserabbit.org/boarding","2025-06-26","daily","0.75"
"page","Hopshop","/hopshop","https://houserabbit.org/hopshop","2025-07-03","daily","0.75"
"page","Classes","/classes","https://houserabbit.org/classes","2026-07-31","daily","0.75"
"page","Medical","/medical","https://houserabbit.org/medical","2026-04-18","daily","0.75"
"page","Grooming Service","/grooming-service","https://houserabbit.org/grooming-service","2026-07-21","daily","0.75"
"page","Pantry","/pantry","https://houserabbit.org/pantry","2026-01-22","daily","0.75"
"page","Boarding Alternatives","/boarding-alternatives","https://houserabbit.org/boarding-alternatives","2026-07-14","daily","0.75"
"page","Sf Rehoming","/sf-rehoming","https://houserabbit.org/sf-rehoming","2025-06-27","daily","0.75"
"page","Bay Area Veterinarians","/bay-area-veterinarians","https://houserabbit.org/bay-area-veterinarians","2026-06-30","daily","0.75"
"page","Low Cost Spay And Neuter","/low-cost-spay-and-neuter","https://houserabbit.org/low-cost-spay-and-neuter","2026-01-16","daily","0.75"
"page","Handouts","/handouts","https://houserabbit.org/handouts","2025-09-19","daily","0.75"
"page","Spanish Resources","/spanish-resources","https://houserabbit.org/spanish-resources","2025-07-01","daily","0.75"
"page","How To Adopt","/how-to-adopt","https://houserabbit.org/how-to-adopt","2025-09-05","daily","0.75"
"page","Bonding Adoption","/bonding-adoption","https://houserabbit.org/bonding-adoption","2025-05-10","daily","0.75"
"page","Golden Ears","/golden-ears","https://houserabbit.org/golden-ears","2025-05-10","daily","0.75"
"page","Humane Education","/humane-education","https://houserabbit.org/humane-education","2025-05-10","daily","0.75"
"page","Outreach","/outreach","https://houserabbit.org/outreach","2025-09-04","daily","0.75"
"page","Hrs News","/hrs-news","https://houserabbit.org/hrs-news","2026-03-25","daily","0.75"
"page","Supplylist","/supplylist","https://houserabbit.org/supplylist","2025-08-20","daily","0.75"
"page","Rabbit Family","/rabbit-family","https://houserabbit.org/rabbit-family","2025-05-10","daily","0.75"
"page","Housing","/housing","https://houserabbit.org/housing","2025-05-10","daily","0.75"
"page","Expectations","/expectations","https://houserabbit.org/expectations","2025-05-10","daily","0.75"
"page","Rabbit Proofing","/rabbit-proofing","https://houserabbit.org/rabbit-proofing","2025-05-10","daily","0.75"
"page","Warm Weather","/warm-weather","https://houserabbit.org/warm-weather","2025-05-10","daily","0.75"
"page","Outdoor Dangers","/outdoor-dangers","https://houserabbit.org/outdoor-dangers","2025-05-10","daily","0.75"
"page","Cats","/cats","https://houserabbit.org/cats","2025-05-10","daily","0.75"
"page","Dogs","/dogs","https://houserabbit.org/dogs","2025-10-18","daily","0.75"
"page","Diet","/diet","https://houserabbit.org/diet","2025-05-10","daily","0.75"
"page","Grooming Tips","/grooming-tips","https://houserabbit.org/grooming-tips","2025-05-10","daily","0.75"
"page","Travel","/travel","https://houserabbit.org/travel","2025-06-20","daily","0.75"
"page","Emergencies","/emergencies","https://houserabbit.org/emergencies","2025-05-10","daily","0.75"
"page","Babies","/babies","https://houserabbit.org/babies","2025-05-10","daily","0.75"
"page","Chaptermember","/chaptermember","https://houserabbit.org/chaptermember","2025-05-10","daily","0.75"
"page","Allergies","/allergies","https://houserabbit.org/allergies","2025-03-20","daily","0.75"
"page","Rhdv","/rhdv","https://houserabbit.org/rhdv","2025-07-19","daily","0.75"
"page","Signup","/signup","https://houserabbit.org/signup","2025-04-16","daily","0.75"
"page","Littertraining","/littertraining","https://houserabbit.org/littertraining","2025-05-10","daily","0.75"
"page","Emergency Supply Kit","/emergency-supply-kit","https://houserabbit.org/emergency-supply-kit","2025-08-20","daily","0.75"
"page","Board","/board","https://houserabbit.org/board","2026-07-22","daily","0.75"
"page","Rescue Programs","/rescue-programs","https://houserabbit.org/rescue-programs","2025-06-27","daily","0.75"
"page","Rescue Coordination","/rescue-coordination","https://houserabbit.org/rescue-coordination","2025-05-10","daily","0.75"
"page","Find A Vet","/find-a-vet","https://houserabbit.org/find-a-vet","2025-10-15","daily","0.75"
"page","Helping Veterinarians","/helping-veterinarians","https://houserabbit.org/helping-veterinarians","2025-05-11","daily","0.75"
"page","Spay Neuter Training","/spay-neuter-training","https://houserabbit.org/spay-neuter-training","2025-05-10","daily","0.75"
"page","Medical Library","/medical-library","https://houserabbit.org/medical-library","2026-04-23","daily","0.75"
"page","Housingrights","/housingrights","https://houserabbit.org/housingrights","2026-07-21","daily","0.75"
"page","Esa","/esa","https://houserabbit.org/esa","2025-05-21","daily","0.75"
"page","Chinese Resources","/chinese-resources","https://houserabbit.org/chinese-resources","2025-07-01","daily","0.75"
"page","Tagalog Resources","/tagalog-resources","https://houserabbit.org/tagalog-resources","2025-07-01","daily","0.75"
"page","Vietnamese Resources","/vietnamese-resources","https://houserabbit.org/vietnamese-resources","2025-07-01","daily","0.75"
"page","Sponsors","/sponsors","https://houserabbit.org/sponsors","2025-11-26","daily","0.75"
"page","Parasites","/parasites","https://houserabbit.org/parasites","2025-08-21","daily","0.75"
"page","Myxomatosis","/myxomatosis","https://houserabbit.org/myxomatosis","2025-08-21","daily","0.75"
"page","Megacolon","/megacolon","https://houserabbit.org/megacolon","2025-08-22","daily","0.75"
"page","Rabbit Droppings","/rabbit-droppings","https://houserabbit.org/rabbit-droppings","2025-08-22","daily","0.75"
"page","Spay And Neuter Surgery","/spay-and-neuter-surgery","https://houserabbit.org/spay-and-neuter-surgery","2025-08-22","daily","0.75"
"page","Health","/health","https://houserabbit.org/health","2026-01-28","daily","0.75"
"page","Paying Rabbit Vet Bills","/paying-rabbit-vet-bills","https://houserabbit.org/paying-rabbit-vet-bills","2025-09-19","daily","0.75"
"page","Bottom Cleaning","/bottom-cleaning","https://houserabbit.org/bottom-cleaning","2025-10-14","daily","0.75"
"page","Medical Videos","/medical-videos","https://houserabbit.org/medical-videos","2026-01-28","daily","0.75"
"page","Hrjguidelines","/hrjguidelines","https://houserabbit.org/hrjguidelines","2026-07-30","daily","0.75"
"page","Careers","/careers","https://houserabbit.org/careers","2026-08-04","daily","0.75"
"page","Education","/education","https://houserabbit.org/education","2026-05-01","daily","0.75"
"page","Japanese Resources","/japanese-resources","https://houserabbit.org/japanese-resources","2026-04-15","daily","0.75"
"page","Acupuncture","/acupuncture","https://houserabbit.org/acupuncture","2026-08-08","daily","0.75"
