"url","status","title","h1","error"
"https://houserabbit.org/acupuncture","0","","","Response status code does not indicate success: 429 (Too Many Requests)."
"https://houserabbit.org/adoptables","200","Adopt — House Rabbit Society","",""
"https://houserabbit.org/affiliates","200","Our Affiliates — House Rabbit Society","",""
"https://houserabbit.org/all-services","200","All Services — House Rabbit Society","",""
"https://houserabbit.org/allergies","0","","","Response status code does not indicate success: 429 (Too Many Requests)."
"https://houserabbit.org/articles","200","Articles and Updates — House Rabbit Society","",""
"https://houserabbit.org/babies","0","","","Response status code does not indicate success: 429 (Too Many Requests)."
"https://houserabbit.org/bay-area-resources","200","SF Bay Area Resources — House Rabbit Society","",""
"https://houserabbit.org/bay-area-veterinarians","200","SF Bay Area Veterinarians — House Rabbit Society","",""
"https://houserabbit.org/board","0","","","Response status code does not indicate success: 429 (Too Many Requests)."
"https://houserabbit.org/boarding","200","Boarding — House Rabbit Society","",""
"https://houserabbit.org/boarding-alternatives","200","Boarding Alternatives — House Rabbit Society","",""
"https://houserabbit.org/bonding-adoption","200","Bonding Adoption — House Rabbit Society","",""
"https://houserabbit.org/bottom-cleaning","0","","","Response status code does not indicate success: 429 (Too Many Requests)."
"https://houserabbit.org/care","200","Rabbit Care — House Rabbit Society","",""
"https://houserabbit.org/careers","0","","","Response status code does not indicate success: 429 (Too Many Requests)."
"https://houserabbit.org/cats","0","","","Response status code does not indicate success: 429 (Too Many Requests)."
"https://houserabbit.org/chaptermember","0","","","Response status code does not indicate success: 429 (Too Many Requests)."
"https://houserabbit.org/chapters","200","Adopt From A Chapter — House Rabbit Society","",""
"https://houserabbit.org/children-and-rabbits","200","Children and Rabbits — House Rabbit Society","",""
"https://houserabbit.org/chinese-resources","0","","","Response status code does not indicate success: 429 (Too Many Requests)."
"https://houserabbit.org/classes","200","Classes — House Rabbit Society","",""
"https://houserabbit.org/diet","0","","","Response status code does not indicate success: 429 (Too Many Requests)."
"https://houserabbit.org/dogs","0","","","Response status code does not indicate success: 429 (Too Many Requests)."
"https://houserabbit.org/donate","200","Donate — House Rabbit Society","",""
"https://houserabbit.org/education","0","","","Response status code does not indicate success: 429 (Too Many Requests)."
"https://houserabbit.org/emergencies","0","","","Response status code does not indicate success: 429 (Too Many Requests)."
"https://houserabbit.org/emergency-supply-kit","0","","","Response status code does not indicate success: 429 (Too Many Requests)."
"https://houserabbit.org/esa","0","","","Response status code does not indicate success: 429 (Too Many Requests)."
"https://houserabbit.org/events","200","Our Events — House Rabbit Society","HRS Rabbit Essentials Pantry",""
"https://houserabbit.org/events/2026-mr-mopps","200","Read with a Rabbit - Mr. Mopps’ Children’s Books — House Rabbit Society","Read with a Rabbit - Mr. Mopps’ Children’s Books",""
"https://houserabbit.org/events/2026-spring-fundraiser","200","Spring Portrait Photo Fundraiser — House Rabbit Society","Spring Portrait Photo Fundraiser",""
"https://houserabbit.org/events/2026barkandmeow","200","2026 Bark and Meow Around the Block — House Rabbit Society","2026 Bark and Meow Around the Block",""
"https://houserabbit.org/events/4th-annual-holiday-bunny-bazaar","200","4th Annual Holiday Bunny Bazaar — House Rabbit Society","4th Annual Holiday Bunny Bazaar",""
"https://houserabbit.org/events/atchison-village-community-day","200","Atchison Village Community Day — House Rabbit Society","Atchison Village Community Day",""
"https://houserabbit.org/events/august-2026-petco-event","200","August 2026 Petco Adoption Event — House Rabbit Society","August 2026 Petco Adoption Event",""
"https://houserabbit.org/events/berkeley-humanes-bark-around-the-block","200","Berkeley Humane's Bark Around the Block — House Rabbit Society","Berkeley Humane's Bark Around the Block",""
"https://houserabbit.org/events/bunnies-brews-adoption-event","200","Bunnies & Brews Adoption Event — House Rabbit Society","Bunnies & Brews Adoption Event",""
"https://houserabbit.org/events/claremont-hotel-spring-carnival","200","Claremont Hotel Spring Carnival — House Rabbit Society","Claremont Hotel Spring Carnival",""
"https://houserabbit.org/events/clear-the-shelters","200","Clear the Shelters! — House Rabbit Society","Clear the Shelters!",""
"https://houserabbit.org/events/come-see-hrs-in-martinez","200","Come See HRS in Martinez — House Rabbit Society","Come See HRS in Martinez",""
"https://houserabbit.org/events/come-see-hrs-in-san-francisco","200","Come see HRS in San Francisco — House Rabbit Society","Come see HRS in San Francisco",""
"https://houserabbit.org/events/december-2026-petco-event","200","December 2026 Petco Adoption Event — House Rabbit Society","December 2026 Petco Adoption Event",""
"https://houserabbit.org/events/event-one-dhc4c","200","UC Berkeley Outreach Event — House Rabbit Society","UC Berkeley Outreach Event",""
"https://houserabbit.org/events/event-two-ncfyp","200","HRS Spring Open House — House Rabbit Society","HRS Spring Open House",""
"https://houserabbit.org/events/event-two-ncfyp-7f5l2","200","2026 Spring Open House — House Rabbit Society","2026 Spring Open House",""
"https://houserabbit.org/events/fall2026photofundraiser","200","Fall Portrait Photo Fundraiser — House Rabbit Society","Fall Portrait Photo Fundraiser",""
"https://houserabbit.org/events/holiday-boarding-sign-ups-open","200","Holiday Boarding Sign-ups Open — House Rabbit Society","Holiday Boarding Sign-ups Open",""
"https://houserabbit.org/events/holiday-portrait-photo-fundraiser-day-1","200","Holiday Portrait Photo Fundraiser Day 1 — House Rabbit Society","Holiday Portrait Photo Fundraiser Day 1",""
"https://houserabbit.org/events/holiday-portrait-photo-fundraiser-day-2","200","Holiday Portrait Photo Fundraiser Day 2 — House Rabbit Society","Holiday Portrait Photo Fundraiser Day 2",""
"https://houserabbit.org/events/hrs-arts-and-crafts-night","200","HRS Arts and Crafts Night — House Rabbit Society","HRS Arts and Crafts Night",""
"https://houserabbit.org/events/hrs-harvest-festival-2025","200","HRS Harvest Festival 2025 — House Rabbit Society","HRS Harvest Festival 2025",""
"https://houserabbit.org/events/hrs-rabbit-essential-pantry","200","HRS Rabbit Essentials Pantry — House Rabbit Society","HRS Rabbit Essentials Pantry",""
"https://houserabbit.org/events/hrs-rabbit-essential-pantry-dm2wl","200","HRS Rabbit Essentials Pantry — House Rabbit Society","HRS Rabbit Essentials Pantry",""
"https://houserabbit.org/events/hrs-rabbit-essential-pantry-dm2wl-kdy7t","200","HRS Rabbit Essentials Pantry — House Rabbit Society","HRS Rabbit Essentials Pantry",""
"https://houserabbit.org/events/hrs-rabbit-essential-pantry-dm2wl-kdy7t-pjp37","200","HRS Rabbit Essentials Pantry — House Rabbit Society","HRS Rabbit Essentials Pantry",""
"https://houserabbit.org/events/hrs-rabbit-essential-pantry-dm2wl-kdy7t-pjp37-7fxhj","200","HRS Rabbit Essentials Pantry — House Rabbit Society","HRS Rabbit Essentials Pantry",""
"https://houserabbit.org/events/hrs-rabbit-essential-pantry-dm2wl-kdy7t-pjp37-7fxhj-59fgh","200","HRS Rabbit Essentials Pantry — House Rabbit Society","HRS Rabbit Essentials Pantry",""
"https://houserabbit.org/events/hrs-rabbit-essential-pantry-dm2wl-kdy7t-pjp37-7fxhj-59fgh-8ksnz","200","HRS Rabbit Essentials Pantry — House Rabbit Society","HRS Rabbit Essentials Pantry",""
"https://houserabbit.org/events/hrs-rabbit-essential-pantry-dm2wl-kdy7t-pjp37-7fxhj-59fgh-8ksnz-twerg","200","HRS Rabbit Essentials Pantry — House Rabbit Society","HRS Rabbit Essentials Pantry",""
"https://houserabbit.org/events/hrs-rabbit-essential-pantry-dm2wl-kdy7t-pjp37-7fxhj-59fgh-8ksnz-twerg-ahlpp","200","HRS Rabbit Essentials Pantry — House Rabbit Society","HRS Rabbit Essentials Pantry",""
"https://houserabbit.org/events/hrs-rabbit-essential-pantry-dm2wl-kdy7t-pjp37-7fxhj-59fgh-8ksnz-twerg-ahlpp-4lt75","200","HRS Rabbit Essentials Pantry — House Rabbit Society","HRS Rabbit Essentials Pantry",""
"https://houserabbit.org/events/hrs-rabbit-essential-pantry-dm2wl-kdy7t-pjp37-7fxhj-59fgh-8ksnz-twerg-ahlpp-4lt75-84h82","200","HRS Rabbit Essentials Pantry — House Rabbit Society","HRS Rabbit Essentials Pantry",""
"https://houserabbit.org/events/idss4f74w7kjc9qw1d9zynh8p26j70","200","Richmond Park RX Day — House Rabbit Society","Richmond Park RX Day",""
"https://houserabbit.org/events/introduction-to-grooming","200","Introduction To Grooming — House Rabbit Society","Introduction To Grooming",""
"https://houserabbit.org/events/introduction-to-grooming-sksxg","200","Introduction To Grooming — House Rabbit Society","Introduction To Grooming",""
"https://houserabbit.org/events/introduction-to-grooming-wf75a","200","Introduction To Grooming — House Rabbit Society","Introduction To Grooming",""
"https://houserabbit.org/events/introduction-to-grooming-wf75a-rs6ka","200","Introduction To Grooming — House Rabbit Society","Introduction To Grooming",""
"https://houserabbit.org/events/introduction-to-grooming-wf75a-rs6ka-rftlc","200","Introduction To Grooming — House Rabbit Society","Introduction To Grooming",""
"https://houserabbit.org/events/introduction-to-grooming-wf75a-rs6ka-rftlc-mlgw5","200","Introduction To Grooming — House Rabbit Society","Introduction To Grooming",""
"https://houserabbit.org/events/introduction-to-rabbit-grooming","200","Introduction to Rabbit Grooming — House Rabbit Society","Introduction to Rabbit Grooming",""
"https://houserabbit.org/events/introduction-to-rabbit-grooming-10-19","200","Introduction to Rabbit Grooming — House Rabbit Society","Introduction to Rabbit Grooming",""
"https://houserabbit.org/events/july-2026-petco-event","200","Monthly Petco Adoption Event — House Rabbit Society","Monthly Petco Adoption Event",""
"https://houserabbit.org/events/monthly-petco-adoption-event","200","Monthly Petco Adoption Event — House Rabbit Society","Monthly Petco Adoption Event",""
"https://houserabbit.org/events/monthly-petco-adoption-event-november-2025","200","Monthly Petco Adoption Event — House Rabbit Society","Monthly Petco Adoption Event",""
"https://houserabbit.org/events/monthly-petco-adoption-event-october-2025","200","Monthly Petco Adoption Event — House Rabbit Society","Monthly Petco Adoption Event",""
"https://houserabbit.org/events/monthly-rabbit-essentials-pantry","200","Monthly Rabbit Essentials Pantry — House Rabbit Society","Monthly Rabbit Essentials Pantry",""
"https://houserabbit.org/events/monthly-rabbit-essentials-pantry-46bxx","200","Monthly Rabbit Essentials Pantry — House Rabbit Society","Monthly Rabbit Essentials Pantry",""
"https://houserabbit.org/events/monthly-rabbit-essentials-pantry-november-2025","200","Monthly Rabbit Essentials Pantry — House Rabbit Society","Monthly Rabbit Essentials Pantry",""
"https://houserabbit.org/events/monthly-rabbit-essentials-pantry-october-2025","200","Monthly Rabbit Essentials Pantry — House Rabbit Society","Monthly Rabbit Essentials Pantry",""
"https://houserabbit.org/events/mwv7us7u8m3zqvw02zi7lkcfwnxu5d","200","Suns Out Buns Out Art Event — House Rabbit Society","Suns Out Buns Out Art Event",""
"https://houserabbit.org/events/mwv7us7u8m3zqvw02zi7lkcfwnxu5d-9jpl7","200","Suns Out Buns Out Art Event Part 2! — House Rabbit Society","Suns Out Buns Out Art Event Part 2!",""
"https://houserabbit.org/events/november-2026-petco-event","200","November 2026 Petco Adoption Event — House Rabbit Society","November 2026 Petco Adoption Event",""
"https://houserabbit.org/events/october-2026-petco-event","200","October 2026 Petco Adoption Event — House Rabbit Society","October 2026 Petco Adoption Event",""
"https://houserabbit.org/events/rabbit-health-class-aug2026","200","Rabbit Health 101 Zoom Class — House Rabbit Society","Rabbit Health 101 Zoom Class",""
"https://houserabbit.org/events/rabbit-yoga","200","Rabbit Yoga — House Rabbit Society","Rabbit Yoga",""
"https://houserabbit.org/events/rabbit-yoga-spring2026","200","Spring Rabbit Yoga — House Rabbit Society","Spring Rabbit Yoga",""
"https://houserabbit.org/events/read-to-a-rabbit-san-pablo-library","200","Read to a Rabbit: San Pablo Library — House Rabbit Society","Read to a Rabbit: San Pablo Library",""
"https://houserabbit.org/events/read-to-a-rabbit-san-pablo-library-10-11","200","Read to a Rabbit: San Pablo Library — House Rabbit Society","Read to a Rabbit: San Pablo Library",""
"https://houserabbit.org/events/read-to-a-rabbit-san-pablo-library-11-15","200","Read to a Rabbit: San Pablo Library — House Rabbit Society","Read to a Rabbit: San Pablo Library",""
"https://houserabbit.org/events/read-with-a-rabbit-richmond-library","200","Read with a Rabbit - Richmond Main Library — House Rabbit Society","Read with a Rabbit - Richmond Main Library",""
"https://houserabbit.org/events/rich-city-day","200","Rich City Day — House Rabbit Society","Rich City Day",""
"https://houserabbit.org/events/rich-city-day-2026","200","Rich City Day 2026 — House Rabbit Society","Rich City Day 2026",""
"https://houserabbit.org/events/richmond-rainbow-pride","200","Richmond Rainbow Pride — House Rabbit Society","Richmond Rainbow Pride",""
"https://houserabbit.org/events/richmond-spring-fling","200","Read with a Rabbit - Richmond Spring Fling — House Rabbit Society","Read with a Rabbit - Richmond Spring Fling",""
"https://houserabbit.org/events/rwar-bayview-aug2026","200","Read with a Rabbit - Richmond Library Bayview Branch — House Rabbit Society","Read with a Rabbit - Richmond Library Bayview Branch",""
"https://houserabbit.org/events/senior-rabbit-class-10-16","200","Senior Rabbit Class — House Rabbit Society","Senior Rabbit Class",""
"https://houserabbit.org/events/senior-rabbit-class-10-25","200","Senior Rabbit Class — House Rabbit Society","Senior Rabbit Class",""
"https://houserabbit.org/events/senior-rabbit-class-jan-23-2025","200","Senior Rabbit Class — House Rabbit Society","Senior Rabbit Class",""
"https://houserabbit.org/events/senior-rabbit-class-jan-23-2025-2sjzt","200","Senior Rabbit Class — House Rabbit Society","Senior Rabbit Class",""
"https://houserabbit.org/events/september-2026-petco-event","200","September 2026 Petco Adoption Event — House Rabbit Society","September 2026 Petco Adoption Event",""
"https://houserabbit.org/events/wellness-wednesday-july2026","200","Wellness Wednesday with Urban Tilth — House Rabbit Society","Wellness Wednesday with Urban Tilth",""
"https://houserabbit.org/events/wellness-wednesday-july2026-8mwm3","200","Wellness Wednesday with Urban Tilth — House Rabbit Society","Wellness Wednesday with Urban Tilth",""
"https://houserabbit.org/expectations","200","Setting Expectations — House Rabbit Society","",""
"https://houserabbit.org/financials","200","Our Financials — House Rabbit Society","",""
"https://houserabbit.org/find-a-vet","0","","","Response status code does not indicate success: 429 (Too Many Requests)."
"https://houserabbit.org/foster","200","Foster — House Rabbit Society","",""
"https://houserabbit.org/golden-ears","200","Golden Ears Adoption — House Rabbit Society","",""
"https://houserabbit.org/grooming-service","200","Grooming — House Rabbit Society","",""
"https://houserabbit.org/grooming-tips","0","","","Response status code does not indicate success: 429 (Too Many Requests)."
"https://houserabbit.org/handouts","200","English Handouts — House Rabbit Society","",""
"https://houserabbit.org/health","0","","","Response status code does not indicate success: 429 (Too Many Requests)."
"https://houserabbit.org/helping-veterinarians","0","","","Response status code does not indicate success: 429 (Too Many Requests)."
"https://houserabbit.org/hopshop","200","Hop Shop — House Rabbit Society","",""
"https://houserabbit.org/housing","200","Housing — House Rabbit Society","",""
"https://houserabbit.org/housingrights","0","","","Response status code does not indicate success: 429 (Too Many Requests)."
"https://houserabbit.org/how-to-adopt","200","How to Adopt — House Rabbit Society","",""
"https://houserabbit.org/howtoadopt","200","House Rabbit Society","House Rabbit Society",""
"https://houserabbit.org/hrjguidelines","0","","","Response status code does not indicate success: 429 (Too Many Requests)."
"https://houserabbit.org/hrs-news","200","HRS in the News — House Rabbit Society","",""
"https://houserabbit.org/humane-education","200","Humane Education — House Rabbit Society","",""
"https://houserabbit.org/japanese-resources","0","","","Response status code does not indicate success: 429 (Too Many Requests)."
"https://houserabbit.org/journal","200","Journal — House Rabbit Society","",""
"https://houserabbit.org/littertraining","0","","","Response status code does not indicate success: 429 (Too Many Requests)."
"https://houserabbit.org/low-cost-spay-and-neuter","200","Low Cost Spay and Neuter — House Rabbit Society","",""
"https://houserabbit.org/medical","200","Medical — House Rabbit Society","",""
"https://houserabbit.org/medical-library","0","","","Response status code does not indicate success: 429 (Too Many Requests)."
"https://houserabbit.org/medical-videos","0","","","Response status code does not indicate success: 429 (Too Many Requests)."
"https://houserabbit.org/megacolon","0","","","Response status code does not indicate success: 429 (Too Many Requests)."
"https://houserabbit.org/mission","200","Our Story — House Rabbit Society","",""
"https://houserabbit.org/myxomatosis","0","","","Response status code does not indicate success: 429 (Too Many Requests)."
"https://houserabbit.org/news","200","Updates — House Rabbit Society","",""
"https://houserabbit.org/one-time","200","One Time — House Rabbit Society","Thank you!",""
"https://houserabbit.org/outdoor-dangers","0","","","Response status code does not indicate success: 429 (Too Many Requests)."
"https://houserabbit.org/outreach","200","Outreach — House Rabbit Society","",""
"https://houserabbit.org/pantry","200","Pantry — House Rabbit Society","",""
"https://houserabbit.org/parasites","0","","","Response status code does not indicate success: 429 (Too Many Requests)."
"https://houserabbit.org/paying-rabbit-vet-bills","0","","","Response status code does not indicate success: 429 (Too Many Requests)."
"https://houserabbit.org/private-home-adoption","200","Adopt From A Private Home — House Rabbit Society","",""
"https://houserabbit.org/programs","200","Programs — House Rabbit Society","",""
"https://houserabbit.org/rabbit-droppings","0","","","Response status code does not indicate success: 429 (Too Many Requests)."
"https://houserabbit.org/rabbit-family","200","Rabbits in the Family — House Rabbit Society","",""
"https://houserabbit.org/rabbit-proofing","0","","","Response status code does not indicate success: 429 (Too Many Requests)."
"https://houserabbit.org/recurring","200","Recurring — House Rabbit Society","Thank you!",""
"https://houserabbit.org/rescue-coordination","0","","","Response status code does not indicate success: 429 (Too Many Requests)."
"https://houserabbit.org/rescue-programs","0","","","Response status code does not indicate success: 429 (Too Many Requests)."
"https://houserabbit.org/rhdv","0","","","Response status code does not indicate success: 429 (Too Many Requests)."
"https://houserabbit.org/sf-rehoming","200","Rehoming — House Rabbit Society","",""
"https://houserabbit.org/shelter-assistance","200","Shelter Assistance — House Rabbit Society","",""
"https://houserabbit.org/signup","0","","","Response status code does not indicate success: 429 (Too Many Requests)."
"https://houserabbit.org/single-or-pair","200","Single Vs Pair — House Rabbit Society","",""
"https://houserabbit.org/spanish-resources","200","Spanish Resources — House Rabbit Society","",""
"https://houserabbit.org/spay-and-neuter-surgery","0","","","Response status code does not indicate success: 429 (Too Many Requests)."
"https://houserabbit.org/spay-neuter-training","0","","","Response status code does not indicate success: 429 (Too Many Requests)."
"https://houserabbit.org/sponsors","0","","","Response status code does not indicate success: 429 (Too Many Requests)."
"https://houserabbit.org/staff","200","Our Team — House Rabbit Society","",""
"https://houserabbit.org/supplylist","200","Rabbit Shopping List — House Rabbit Society","",""
"https://houserabbit.org/tagalog-resources","0","","","Response status code does not indicate success: 429 (Too Many Requests)."
"https://houserabbit.org/travel","0","","","Response status code does not indicate success: 429 (Too Many Requests)."
"https://houserabbit.org/tribute","200","Tribute — House Rabbit Society","Thank you!",""
"https://houserabbit.org/updates","200","Blog 2 — House Rabbit Society","A heartfelt thank you",""
"https://houserabbit.org/updates/2024-impact-report","200","2024 Impact Report — House Rabbit Society","2024 Impact Report",""
"https://houserabbit.org/updates/2025-august-generosity","200","Your generosity makes a big difference to us — House Rabbit Society","Your generosity makes a big difference to us",""
"https://houserabbit.org/updates/2025-august-let-bunnies-fly","200","Let bunnies fly! — House Rabbit Society","Let bunnies fly!",""
"https://houserabbit.org/updates/2025-august-support","200","Your support makes this work possible — House Rabbit Society","Your support makes this work possible",""
"https://houserabbit.org/updates/2025-caring-rabbit-budget","200","Caring For a Rabbit On a Budget — House Rabbit Society","Caring For a Rabbit On a Budget",""
"https://houserabbit.org/updates/2025-clear-the-shelters","200","Rabbits like Paulie, Anchovy, and Snow need you — House Rabbit Society","Rabbits like Paulie, Anchovy, and Snow need you",""
"https://houserabbit.org/updates/2025-december-fostering","200","Why Fostering is a Win-Win-Win for Every Lifestyle, for Every Season — House Rabbit Society","Why Fostering is a Win-Win-Win for Every Lifestyle, for Every Season",""
"https://houserabbit.org/updates/2025-giving-tuesday","200","Support HRS for Giving Tuesday! — House Rabbit Society","Support HRS for Giving Tuesday!",""
"https://houserabbit.org/updates/2025-holiday-hours","200","2025 Holiday Hours — House Rabbit Society","2025 Holiday Hours",""
"https://houserabbit.org/updates/2025-holiday-safety","200","Rabbits & Holiday Safety — House Rabbit Society","Rabbits & Holiday Safety",""
"https://houserabbit.org/updates/2025-impact-report","200","2025 impact report — House Rabbit Society","2025 impact report",""
"https://houserabbit.org/updates/2025-january-bunny-sitter","200","What to Look for in a Bunny Sitter  — House Rabbit Society","What to Look for in a Bunny Sitter ",""
"https://houserabbit.org/updates/2025-make-a-will-month","200","August is Make A Will Month — House Rabbit Society","August is Make A Will Month",""
"https://houserabbit.org/updates/2025-march-confessions-foster-fail","200","Confessions of a Foster Fail — House Rabbit Society","Confessions of a Foster Fail",""
"https://houserabbit.org/updates/2025-microchip","200","Why You Should Microchip Your Rabbit — House Rabbit Society","Why You Should Microchip Your Rabbit",""
"https://houserabbit.org/updates/2025-new-board","200","House Rabbit Society Welcomes Newest Board Member — House Rabbit Society","House Rabbit Society Welcomes Newest Board Member",""
"https://houserabbit.org/updates/2025-salwen-bunnies","200"," When One Bunny Becomes Two — House Rabbit Society"," When One Bunny Becomes Two",""
"https://houserabbit.org/updates/2025-september-let-bunnies-fly","200","Let Bunnies Fly campaign: keep the momentum going! — House Rabbit Society","Let Bunnies Fly campaign: keep the momentum going!",""
"https://houserabbit.org/updates/2025-throw-a-summer-party","200","Throw a summer party for your rabbit — House Rabbit Society","Throw a summer party for your rabbit",""
"https://houserabbit.org/updates/2025-year-end-giving","200","Help HRS Finish 2025 Strong! — House Rabbit Society","Help HRS Finish 2025 Strong!",""
"https://houserabbit.org/updates/2026-february-adopt","200","February is Adopt a Rescue Rabbit Month — House Rabbit Society","February is Adopt a Rescue Rabbit Month",""
"https://houserabbit.org/updates/2026-july-4","200","4th of July Hours — House Rabbit Society","4th of July Hours",""
"https://houserabbit.org/updates/2026-july-chonken-rabbit-bonding","200","Chonken Needs a Friend: A Rabbit Bonding Story — House Rabbit Society","Chonken Needs a Friend: A Rabbit Bonding Story",""
"https://houserabbit.org/updates/2026-july-fostering-megacolon-rabbit","200","Spotlight: Daily living with a megacolon rabbit, McMuffin — House Rabbit Society","Spotlight: Daily living with a megacolon rabbit, McMuffin",""
"https://houserabbit.org/updates/2026-june-fostering","200","Why I Didn’t Keep the Foster Bunny I Fell in Love With — House Rabbit Society","Why I Didn’t Keep the Foster Bunny I Fell in Love With",""
"https://houserabbit.org/updates/2026-june-when-your-rabbit-stops-eating","200","When Your Rabbit Stops Eating — House Rabbit Society","When Your Rabbit Stops Eating",""
"https://houserabbit.org/updates/2026-march-moving-differently","200","Moving Differently, Living Fully: Boo’s Story — House Rabbit Society","Moving Differently, Living Fully: Boo’s Story",""
"https://houserabbit.org/updates/35-years-of-leaps-amp-bounds","200","35 Years of Leaps & Bounds — House Rabbit Society","35 Years of Leaps & Bounds",""
"https://houserabbit.org/updates/4th-of-july-2025","200","Closed For 4th of July — House Rabbit Society","Closed For 4th of July",""
"https://houserabbit.org/updates/77u5gqubptczvqulpmr21luennbosu","200","Adventures in Newborn Bunnysitting — House Rabbit Society","Adventures in Newborn Bunnysitting",""
"https://houserabbit.org/updates/9hrzf0ydodoinxwpn0po2mhuqm4nn9","200","How to Find Rabbit-friendly Housing — House Rabbit Society","How to Find Rabbit-friendly Housing",""
"https://houserabbit.org/updates/a-recipe-for-love","200","A Recipe for Love — House Rabbit Society","A Recipe for Love",""
"https://houserabbit.org/updates/a-tribute-to-corey-j-pants-house-rabbit-societynbsp","200","A Tribute to Corey J. Pants + House Rabbit Society  — House Rabbit Society","A Tribute to Corey J. Pants + House Rabbit Society ",""
"https://houserabbit.org/updates/a-walkthrough-of-bunny-dating-at-hrs","200","A Walkthrough of Bunny Dating at HRS — House Rabbit Society","A Walkthrough of Bunny Dating at HRS",""
"https://houserabbit.org/updates/astrid","200","Astrid's story will warm your heart ❤️ — House Rabbit Society","Astrid's story will warm your heart ❤️",""
"https://houserabbit.org/updates/august-2026-fostering","200","Here’s why fostering matters — House Rabbit Society","Here’s why fostering matters",""
"https://houserabbit.org/updates/august-2026-veterinary-training-initiative","200","A heartfelt thank you — House Rabbit Society","A heartfelt thank you",""
"https://houserabbit.org/updates/av7sdke4h519gizhqpzazs5nbv4lf4","200","Close Encounters of the Bun Kind — House Rabbit Society","Close Encounters of the Bun Kind",""
"https://houserabbit.org/updates/bladder-sludge","200","Bladder Sludge — House Rabbit Society","Bladder Sludge",""
"https://houserabbit.org/updates/breaking-fantastic-news-petco-stops-selling-rabbits","200","Breaking: Fantastic News! PETCO Stops Selling Rabbits — House Rabbit Society","Breaking: Fantastic News! PETCO Stops Selling Rabbits",""
"https://houserabbit.org/updates/ca-ab1382","200","California AB 1382 - Preventing the Sale Gene-Edited Pets — House Rabbit Society","California AB 1382 - Preventing the Sale Gene-Edited Pets",""
"https://houserabbit.org/updates/cant-judge-a-bunny-by-his-bite","200","You Can’t Judge A Bunny By His Bite — House Rabbit Society","You Can’t Judge A Bunny By His Bite",""
"https://houserabbit.org/updates/category/Behavior","200","Behavior — Blog 2 — House Rabbit Society","Will Work For Food",""
"https://houserabbit.org/updates/category/Care","200","Care — Blog 2 — House Rabbit Society","Chonken Needs a Friend: A Rabbit Bonding Story",""
"https://houserabbit.org/updates/category/Community","200","Community — Blog 2 — House Rabbit Society","Here’s why fostering matters",""
"https://houserabbit.org/updates/category/community","200","community — Blog 2 — House Rabbit Society","",""
"https://houserabbit.org/updates/category/Medical","200","Medical — Blog 2 — House Rabbit Society","A heartfelt thank you",""
"https://houserabbit.org/updates/category/Stories","200","Stories — Blog 2 — House Rabbit Society","Tips for Bunny Proofing",""
"https://houserabbit.org/updates/category/Updates","200","Updates — Blog 2 — House Rabbit Society","4th of July Hours",""
"https://houserabbit.org/updates/diy-bumpers","200","DIY Bumpers — House Rabbit Society","DIY Bumpers",""
"https://houserabbit.org/updates/double-your-bun-the-case-for-adopting-a-bonded-pair-instead-of-a-single-rabbit","200","Double Your Bun - The Case for Adopting a Bonded Pair Instead of a Single Rabbit — House Rabbit Society","Double Your Bun - The Case for Adopting a Bonded Pair Instead of a Single Rabbit",""
"https://houserabbit.org/updates/earth-day-2025","200","Rabbits are environmentally friendly pets — House Rabbit Society","Rabbits are environmentally friendly pets",""
"https://houserabbit.org/updates/easter-2025","200","Help spread the word about rabbits & Easter — House Rabbit Society","Help spread the word about rabbits & Easter",""
"https://houserabbit.org/updates/education-heartache-and-love","200","Education, Heartache and Love — House Rabbit Society","Education, Heartache and Love",""
"https://houserabbit.org/updates/f75292qvrss97ucd53j6yxt70iquwk","200","Space-Saving Tricks for Small Apartments — House Rabbit Society","Space-Saving Tricks for Small Apartments",""
"https://houserabbit.org/updates/focused-on-rabbits","200","Focused on Rabbits — House Rabbit Society","Focused on Rabbits",""
"https://houserabbit.org/updates/four-ways-to-protect-your-pets-during-an-emergency","200","Four Ways to Protect Your Pets During an Emergency — House Rabbit Society","Four Ways to Protect Your Pets During an Emergency",""
"https://houserabbit.org/updates/get-out-there-n9t2h-7tlgd","200","HRS is hiring! — House Rabbit Society","HRS is hiring!",""
"https://houserabbit.org/updates/gxzg1sd7ifxho5emegfsr5byr1a6f4","200","Rescuing Dumped Rabbits — House Rabbit Society","Rescuing Dumped Rabbits",""
"https://houserabbit.org/updates/homemade-enrichment-ideas","200","Homemade Enrichment Ideas — House Rabbit Society","Homemade Enrichment Ideas",""
"https://houserabbit.org/updates/household-plants-and-rabbits","200","Household Plants and Rabbits — House Rabbit Society","Household Plants and Rabbits",""
"https://houserabbit.org/updates/how-to-find-a-good-rabbit-sitter","200","How to Find a Good Rabbit Sitter — House Rabbit Society","How to Find a Good Rabbit Sitter",""
"https://houserabbit.org/updates/june-2025-foster","200","2-week fosters needed this summer — House Rabbit Society","2-week fosters needed this summer",""
"https://houserabbit.org/updates/june-2025-veterinary-training-initiative","200","Inside Our Veterinary Training Program — House Rabbit Society","Inside Our Veterinary Training Program",""
"https://houserabbit.org/updates/m1lzkx5tum9rx0ogzh4huxezmyip7w","200","From the Cornfield, Hope  — House Rabbit Society","From the Cornfield, Hope ",""
"https://houserabbit.org/updates/national-pet-poison-prevention-week","200","National Pet Poison Prevention Week — House Rabbit Society","National Pet Poison Prevention Week",""
"https://houserabbit.org/updates/national-pet-vaccination-month","200","National Pet Vaccination Month — House Rabbit Society","National Pet Vaccination Month",""
"https://houserabbit.org/updates/new-hope-in-old-appalachia-lly88-9rlkk","200","HRS is hitting the road! — House Rabbit Society","HRS is hitting the road!",""
"https://houserabbit.org/updates/october-2025-vaccination","200","Protect Your Rabbit This Holiday Season — House Rabbit Society","Protect Your Rabbit This Holiday Season",""
"https://houserabbit.org/updates/one-in-a-million","200","One in A Million — House Rabbit Society","One in A Million",""
"https://houserabbit.org/updates/open-house-2025","200","You’re invited: HRS spring open house — House Rabbit Society","You’re invited: HRS spring open house",""
"https://houserabbit.org/updates/prepare-an-emergency-kit","200","Prepare an Emergency Kit — House Rabbit Society","Prepare an Emergency Kit",""
"https://houserabbit.org/updates/prepare-for-petsitters","200","How to Prepare your Home for Pet Sitters — House Rabbit Society","How to Prepare your Home for Pet Sitters",""
"https://houserabbit.org/updates/prepare-for-petsitters-dhy65","200","Can You House Rabbits and Guinea Pigs Together? — House Rabbit Society","Can You House Rabbits and Guinea Pigs Together?",""
"https://houserabbit.org/updates/quality-of-life","200","Quality of Life — House Rabbit Society","Quality of Life",""
"https://houserabbit.org/updates/rabbit-and-cat-cohabitation","200","Rabbit and Cat Cohabitation — House Rabbit Society","Rabbit and Cat Cohabitation",""
"https://houserabbit.org/updates/rabbit-emergency-bed","200","Improvising a Rabbit Emergency Bed — House Rabbit Society","Improvising a Rabbit Emergency Bed",""
"https://houserabbit.org/updates/rabbit-lingo","200","Rabbit Lingo — House Rabbit Society","Rabbit Lingo",""
"https://houserabbit.org/updates/saving-bunnies-and-your-mental-health","200","Saving Bunnies (And Your Mental Health!) — House Rabbit Society","Saving Bunnies (And Your Mental Health!)",""
"https://houserabbit.org/updates/seeking-a-safe-rabbit-sitter-in-states-with-rhdvnbsp","200","Seeking a Safe Rabbit Sitter in States with RHDV  — House Rabbit Society","Seeking a Safe Rabbit Sitter in States with RHDV ",""
"https://houserabbit.org/updates/shelter-pet-day-2025","200","Celebrate National Adopt a Shelter Pet Day with HRS — House Rabbit Society","Celebrate National Adopt a Shelter Pet Day with HRS",""
"https://houserabbit.org/updates/special-needs-rabbit-highlight-simone","200","Thank you for being Simone's valentine — House Rabbit Society","Thank you for being Simone's valentine",""
"https://houserabbit.org/updates/summer-2025-match","200","Your support is needed today! — House Rabbit Society","Your support is needed today!",""
"https://houserabbit.org/updates/summer-2025-multilingual-resources","200","Our new multilingual educational resources — House Rabbit Society","Our new multilingual educational resources",""
"https://houserabbit.org/updates/tag/abandoned","200","abandoned — Blog 2 — House Rabbit Society","Rescuing Dumped Rabbits",""
"https://houserabbit.org/updates/tag/adopt","200","adopt — Blog 2 — House Rabbit Society","February is Adopt a Rescue Rabbit Month",""
"https://houserabbit.org/updates/tag/adopt+a+rabbit","200","adopt a rabbit — Blog 2 — House Rabbit Society","February is Adopt a Rescue Rabbit Month",""
"https://houserabbit.org/updates/tag/adopt+a+rescue+rabbit","200","adopt a rescue rabbit — Blog 2 — House Rabbit Society","February is Adopt a Rescue Rabbit Month",""
"https://houserabbit.org/updates/tag/adopt+a+rescue+rabbit+month","200","adopt a rescue rabbit month — Blog 2 — House Rabbit Society","February is Adopt a Rescue Rabbit Month",""
"https://houserabbit.org/updates/tag/affordable+rabbit+care+tips","200","affordable rabbit care tips — Blog 2 — House Rabbit Society","Caring For a Rabbit On a Budget",""
"https://houserabbit.org/updates/tag/animal+legislation","200","animal legislation — Blog 2 — House Rabbit Society","California AB 1382 - Preventing the Sale Gene-Edited Pets",""
"https://houserabbit.org/updates/tag/animal+rescue","200","animal rescue — Blog 2 — House Rabbit Society","Our new multilingual educational resources",""
"https://houserabbit.org/updates/tag/animal+shelter","200","animal shelter — Blog 2 — House Rabbit Society","Our new multilingual educational resources",""
"https://houserabbit.org/updates/tag/animal+welfare","200","animal welfare — Blog 2 — House Rabbit Society","California AB 1382 - Preventing the Sale Gene-Edited Pets",""
"https://houserabbit.org/updates/tag/annual+rabbit+vaccine","200","annual rabbit vaccine — Blog 2 — House Rabbit Society","Protect Your Rabbit This Holiday Season",""
"https://houserabbit.org/updates/tag/baby","200","baby — Blog 2 — House Rabbit Society","Adventures in Newborn Bunnysitting",""
"https://houserabbit.org/updates/tag/Behavior","200","Behavior — Blog 2 — House Rabbit Society","Will Work For Food",""
"https://houserabbit.org/updates/tag/behavior","200","behavior — Blog 2 — House Rabbit Society","Bonding Our Quad",""
"https://houserabbit.org/updates/tag/benefits+of+microchipping","200","benefits of microchipping — Blog 2 — House Rabbit Society","Why You Should Microchip Your Rabbit",""
"https://houserabbit.org/updates/tag/bill","200","bill — Blog 2 — House Rabbit Society","California AB 1382 - Preventing the Sale Gene-Edited Pets",""
"https://houserabbit.org/updates/tag/bladder","200","bladder — Blog 2 — House Rabbit Society","Bladder Sludge",""
"https://houserabbit.org/updates/tag/Board","200","Board — Blog 2 — House Rabbit Society","House Rabbit Society Welcomes Newest Board Member",""
"https://houserabbit.org/updates/tag/Board+Member","200","Board Member — Blog 2 — House Rabbit Society","House Rabbit Society Welcomes Newest Board Member",""
"https://houserabbit.org/updates/tag/Board+of+Directors","200","Board of Directors — Blog 2 — House Rabbit Society","House Rabbit Society Welcomes Newest Board Member",""
"https://houserabbit.org/updates/tag/boarding","200","boarding — Blog 2 — House Rabbit Society","Seeking a Safe Rabbit Sitter in States with RHDV ",""
"https://houserabbit.org/updates/tag/bonding","200","bonding — Blog 2 — House Rabbit Society","Chonken Needs a Friend: A Rabbit Bonding Story",""
"https://houserabbit.org/updates/tag/bonding+rabbits","200","bonding rabbits — Blog 2 — House Rabbit Society","Chonken Needs a Friend: A Rabbit Bonding Story",""
"https://houserabbit.org/updates/tag/budget","200","budget — Blog 2 — House Rabbit Society","Caring For a Rabbit On a Budget",""
"https://houserabbit.org/updates/tag/bunny+holiday+safety","200","bunny holiday safety — Blog 2 — House Rabbit Society","Rabbits & Holiday Safety",""
"https://houserabbit.org/updates/tag/bunny+proofing","200","bunny proofing — Blog 2 — House Rabbit Society","Tips for Bunny Proofing",""
"https://houserabbit.org/updates/tag/bunny+sitter","200","bunny sitter — Blog 2 — House Rabbit Society","What to Look for in a Bunny Sitter ",""
"https://houserabbit.org/updates/tag/bunny+sitting","200","bunny sitting — Blog 2 — House Rabbit Society","How to Find a Good Rabbit Sitter",""
"https://houserabbit.org/updates/tag/bunnysitting","200","bunnysitting — Blog 2 — House Rabbit Society","Adventures in Newborn Bunnysitting",""
"https://houserabbit.org/updates/tag/CA+AB1382","200","CA AB1382 — Blog 2 — House Rabbit Society","California AB 1382 - Preventing the Sale Gene-Edited Pets",""
"https://houserabbit.org/updates/tag/capture","200","capture — Blog 2 — House Rabbit Society","Rescuing Dumped Rabbits",""
"https://houserabbit.org/updates/tag/care","200","care — Blog 2 — House Rabbit Society","Can You House Rabbits and Guinea Pigs Together?",""
"https://houserabbit.org/updates/tag/caring+for+a+rabbit+on+a+budget","200","caring for a rabbit on a budget — Blog 2 — House Rabbit Society","DIY Bumpers",""
"https://houserabbit.org/updates/tag/cats","200","cats — Blog 2 — House Rabbit Society","Rabbit and Cat Cohabitation",""
"https://houserabbit.org/updates/tag/chewing","200","chewing — Blog 2 — House Rabbit Society","The Art of Rabbit Proofing",""
"https://houserabbit.org/updates/tag/clear+the+shelters","200","clear the shelters — Blog 2 — House Rabbit Society","Rabbits like Paulie, Anchovy, and Snow need you",""
"https://houserabbit.org/updates/tag/closed","200","closed — Blog 2 — House Rabbit Society","4th of July Hours",""
"https://houserabbit.org/updates/tag/Community","200","Community — Blog 2 — House Rabbit Society","2024 Impact Report",""
"https://houserabbit.org/updates/tag/destroying","200","destroying — Blog 2 — House Rabbit Society","The Art of Rabbit Proofing",""
"https://houserabbit.org/updates/tag/digging","200","digging — Blog 2 — House Rabbit Society","The Art of Rabbit Proofing",""
"https://houserabbit.org/updates/tag/disabled+rabbit","200","disabled rabbit — Blog 2 — House Rabbit Society","Moving Differently, Living Fully: Boo’s Story",""
"https://houserabbit.org/updates/tag/diy","200","diy — Blog 2 — House Rabbit Society","Homemade Enrichment Ideas",""
"https://houserabbit.org/updates/tag/DIY","200","DIY — Blog 2 — House Rabbit Society","DIY Bumpers",""
"https://houserabbit.org/updates/tag/Do+it+yourself","200","Do it yourself — Blog 2 — House Rabbit Society","DIY Bumpers",""
"https://houserabbit.org/updates/tag/donate+to+help+rabbits","200","donate to help rabbits — Blog 2 — House Rabbit Society","Support HRS for Giving Tuesday!",""
"https://houserabbit.org/updates/tag/donate+to+house+rabbit+society","200","donate to house rabbit society — Blog 2 — House Rabbit Society","Support HRS for Giving Tuesday!",""
"https://houserabbit.org/updates/tag/donate+to+HRS","200","donate to HRS — Blog 2 — House Rabbit Society","Support HRS for Giving Tuesday!",""
"https://houserabbit.org/updates/tag/dumped","200","dumped — Blog 2 — House Rabbit Society","Rescuing Dumped Rabbits",""
"https://houserabbit.org/updates/tag/earth+day","200","earth day — Blog 2 — House Rabbit Society","Rabbits are environmentally friendly pets",""
"https://houserabbit.org/updates/tag/easter","200","easter — Blog 2 — House Rabbit Society","Help spread the word about rabbits & Easter",""
"https://houserabbit.org/updates/tag/education","200","education — Blog 2 — House Rabbit Society","Education, Heartache and Love",""
"https://houserabbit.org/updates/tag/elder+rabbits","200","elder rabbits — Blog 2 — House Rabbit Society","Enrichment for Elder Bunnies",""
"https://houserabbit.org/updates/tag/emergency","200","emergency — Blog 2 — House Rabbit Society","Prepare an Emergency Kit",""
"https://houserabbit.org/updates/tag/end+of+life+care","200","end of life care — Blog 2 — House Rabbit Society","Quality of Life",""
"https://houserabbit.org/updates/tag/enrichment","200","enrichment — Blog 2 — House Rabbit Society","Homemade Enrichment Ideas",""
"https://houserabbit.org/updates/tag/estate+planning","200","estate planning — Blog 2 — House Rabbit Society","August is Make A Will Month",""
"https://houserabbit.org/updates/tag/Ethics+over+Aesthetics","200","Ethics over Aesthetics — Blog 2 — House Rabbit Society","California AB 1382 - Preventing the Sale Gene-Edited Pets",""
"https://houserabbit.org/updates/tag/euthanasia","200","euthanasia — Blog 2 — House Rabbit Society","Quality of Life",""
"https://houserabbit.org/updates/tag/finding+a+rabbit+petsitter","200","finding a rabbit petsitter — Blog 2 — House Rabbit Society","What to Look for in a Bunny Sitter ",""
"https://houserabbit.org/updates/tag/flying+with+a+bunny","200","flying with a bunny — Blog 2 — House Rabbit Society","Let Bunnies Fly campaign: keep the momentum going!",""
"https://houserabbit.org/updates/tag/flying+with+a+rabbit","200","flying with a rabbit — Blog 2 — House Rabbit Society","Let Bunnies Fly campaign: keep the momentum going!",""
"https://houserabbit.org/updates/tag/foster","200","foster — Blog 2 — House Rabbit Society","Here’s why fostering matters",""
"https://houserabbit.org/updates/tag/foster+a+bunny","200","foster a bunny — Blog 2 — House Rabbit Society","Here’s why fostering matters",""
"https://houserabbit.org/updates/tag/foster+a+rabbit","200","foster a rabbit — Blog 2 — House Rabbit Society","Here’s why fostering matters",""
"https://houserabbit.org/updates/tag/foster+bunny","200","foster bunny — Blog 2 — House Rabbit Society","Here’s why fostering matters",""
"https://houserabbit.org/updates/tag/foster+fail","200","foster fail — Blog 2 — House Rabbit Society","Confessions of a Foster Fail",""
"https://houserabbit.org/updates/tag/foster+rabbit","200","foster rabbit — Blog 2 — House Rabbit Society","Here’s why fostering matters",""
"https://houserabbit.org/updates/tag/foster+win","200","foster win — Blog 2 — House Rabbit Society","Confessions of a Foster Fail",""
"https://houserabbit.org/updates/tag/fostering","200","fostering — Blog 2 — House Rabbit Society","Here’s why fostering matters",""
"https://houserabbit.org/updates/tag/freewill","200","freewill — Blog 2 — House Rabbit Society","August is Make A Will Month",""
"https://houserabbit.org/updates/tag/GI+stasis","200","GI stasis — Blog 2 — House Rabbit Society","When Your Rabbit Stops Eating",""
"https://houserabbit.org/updates/tag/giving+tuesday","200","giving tuesday — Blog 2 — House Rabbit Society","Support HRS for Giving Tuesday!",""
"https://houserabbit.org/updates/tag/golden+ears","200","golden ears — Blog 2 — House Rabbit Society","Moving Differently, Living Fully: Boo’s Story",""
"https://houserabbit.org/updates/tag/grief","200","grief — Blog 2 — House Rabbit Society","Education, Heartache and Love",""
"https://houserabbit.org/updates/tag/guinea+pigs","200","guinea pigs — Blog 2 — House Rabbit Society","Can You House Rabbits and Guinea Pigs Together?",""
"https://houserabbit.org/updates/tag/health","200","health — Blog 2 — House Rabbit Society","Bladder Sludge",""
"https://houserabbit.org/updates/tag/holiday","200","holiday — Blog 2 — House Rabbit Society","4th of July Hours",""
"https://houserabbit.org/updates/tag/holiday+hours","200","holiday hours — Blog 2 — House Rabbit Society","4th of July Hours",""
"https://houserabbit.org/updates/tag/hop+shop","200","hop shop — Blog 2 — House Rabbit Society","Throw a summer party for your rabbit",""
"https://houserabbit.org/updates/tag/house+rabbit","200","house rabbit — Blog 2 — House Rabbit Society","A heartfelt thank you",""
"https://houserabbit.org/updates/tag/house+rabbit+society","200","house rabbit society — Blog 2 — House Rabbit Society","A heartfelt thank you",""
"https://houserabbit.org/updates/tag/house+rabbit+society+classes","200","house rabbit society classes — Blog 2 — House Rabbit Society","Your support makes this work possible",""
"https://houserabbit.org/updates/tag/house+rabbit+society+impact+report","200","house rabbit society impact report — Blog 2 — House Rabbit Society","2025 impact report",""
"https://houserabbit.org/updates/tag/house+rabbit+society+medical+program","200","house rabbit society medical program — Blog 2 — House Rabbit Society","A heartfelt thank you",""
"https://houserabbit.org/updates/tag/house+rabbit+society+stats","200","house rabbit society stats — Blog 2 — House Rabbit Society","2025 impact report",""
"https://houserabbit.org/updates/tag/house+rabbit+society+veterinary+program","200","house rabbit society veterinary program — Blog 2 — House Rabbit Society","A heartfelt thank you",""
"https://houserabbit.org/updates/tag/house+rabbit+society+work","200","house rabbit society work — Blog 2 — House Rabbit Society","2025 impact report",""
"https://houserabbit.org/updates/tag/housing","200","housing — Blog 2 — House Rabbit Society","DIY Bumpers",""
"https://houserabbit.org/updates/tag/how+to+care+for+a+rabbit+cheaply","200","how to care for a rabbit cheaply — Blog 2 — House Rabbit Society","Caring For a Rabbit On a Budget",""
"https://houserabbit.org/updates/tag/HRS+classes","200","HRS classes — Blog 2 — House Rabbit Society","House Rabbit Society Welcomes Newest Board Member",""
"https://houserabbit.org/updates/tag/HRS+hop+shop","200","HRS hop shop — Blog 2 — House Rabbit Society","Throw a summer party for your rabbit",""
"https://houserabbit.org/updates/tag/HRS+medical+program","200","HRS medical program — Blog 2 — House Rabbit Society","A heartfelt thank you",""
"https://houserabbit.org/updates/tag/hrs+shelter+assistance+program","200","hrs shelter assistance program — Blog 2 — House Rabbit Society","Our new multilingual educational resources",""
"https://houserabbit.org/updates/tag/HRS+vet+program","200","HRS vet program — Blog 2 — House Rabbit Society","A heartfelt thank you",""
"https://houserabbit.org/updates/tag/introducing+rabbits","200","introducing rabbits — Blog 2 — House Rabbit Society","Chonken Needs a Friend: A Rabbit Bonding Story",""
"https://houserabbit.org/updates/tag/knowing+when+its+time","200","knowing when its time — Blog 2 — House Rabbit Society","Quality of Life",""
"https://houserabbit.org/updates/tag/language","200","language — Blog 2 — House Rabbit Society","Wonderful Words for Bunny Behaviors",""
"https://houserabbit.org/updates/tag/legacy+giving","200","legacy giving — Blog 2 — House Rabbit Society","August is Make A Will Month",""
"https://houserabbit.org/updates/tag/let+bunnies+fly","200","let bunnies fly — Blog 2 — House Rabbit Society","Let Bunnies Fly campaign: keep the momentum going!",""
"https://houserabbit.org/updates/tag/let+rabbits+fly","200","let rabbits fly — Blog 2 — House Rabbit Society","Let Bunnies Fly campaign: keep the momentum going!",""
"https://houserabbit.org/updates/tag/litter","200","litter — Blog 2 — House Rabbit Society","Adventures in Newborn Bunnysitting",""
"https://houserabbit.org/updates/tag/Litter+box","200","Litter box — Blog 2 — House Rabbit Society","DIY Low Entry Litter Box",""
"https://houserabbit.org/updates/tag/loss","200","loss — Blog 2 — House Rabbit Society","Education, Heartache and Love",""
"https://houserabbit.org/updates/tag/make+a+will+month","200","make a will month — Blog 2 — House Rabbit Society","August is Make A Will Month",""
"https://houserabbit.org/updates/tag/match+campaign","200","match campaign — Blog 2 — House Rabbit Society","Support HRS for Giving Tuesday!",""
"https://houserabbit.org/updates/tag/medical","200","medical — Blog 2 — House Rabbit Society","Honoring Our Medical Team on World Veterinary Day",""
"https://houserabbit.org/updates/tag/Medical","200","Medical — Blog 2 — House Rabbit Society","DIY Low Entry Litter Box",""
"https://houserabbit.org/updates/tag/megacolon","200","megacolon — Blog 2 — House Rabbit Society","Spotlight: Daily living with a megacolon rabbit, McMuffin",""
"https://houserabbit.org/updates/tag/megacolon+rabbit","200","megacolon rabbit — Blog 2 — House Rabbit Society","Spotlight: Daily living with a megacolon rabbit, McMuffin",""
"https://houserabbit.org/updates/tag/mental+health","200","mental health — Blog 2 — House Rabbit Society","Saving Bunnies (And Your Mental Health!)",""
"https://houserabbit.org/updates/tag/microchip","200","microchip — Blog 2 — House Rabbit Society","Why You Should Microchip Your Rabbit",""
"https://houserabbit.org/updates/tag/microchipping","200","microchipping — Blog 2 — House Rabbit Society","Why You Should Microchip Your Rabbit",""
"https://houserabbit.org/updates/tag/multilingual","200","multilingual — Blog 2 — House Rabbit Society","Our new multilingual educational resources",""
"https://houserabbit.org/updates/tag/multilingual+resources","200","multilingual resources — Blog 2 — House Rabbit Society","Our new multilingual educational resources",""
"https://houserabbit.org/updates/tag/multipet+household","200","multipet household — Blog 2 — House Rabbit Society","Can You House Rabbits and Guinea Pigs Together?",""
"https://houserabbit.org/updates/tag/multispecies+household","200","multispecies household — Blog 2 — House Rabbit Society","Can You House Rabbits and Guinea Pigs Together?",""
"https://houserabbit.org/updates/tag/newborn","200","newborn — Blog 2 — House Rabbit Society","Adventures in Newborn Bunnysitting",""
"https://houserabbit.org/updates/tag/nonprofit+organization","200","nonprofit organization — Blog 2 — House Rabbit Society","Support HRS for Giving Tuesday!",""
"https://houserabbit.org/updates/tag/not+eating","200","not eating — Blog 2 — House Rabbit Society","Steps When Your Rabbit is Sick",""
"https://houserabbit.org/updates/tag/not+pooping","200","not pooping — Blog 2 — House Rabbit Society","Steps When Your Rabbit is Sick",""
"https://houserabbit.org/updates/tag/open+house","200","open house — Blog 2 — House Rabbit Society","You’re invited: HRS spring open house",""
"https://houserabbit.org/updates/tag/outdoors","200","outdoors — Blog 2 — House Rabbit Society","Rescuing Dumped Rabbits",""
"https://houserabbit.org/updates/tag/outside","200","outside — Blog 2 — House Rabbit Society","Rescuing Dumped Rabbits",""
"https://houserabbit.org/updates/tag/pairs","200","pairs — Blog 2 — House Rabbit Society","Double Your Bun - The Case for Adopting a Bonded Pair Instead of a Single Rabbit",""
"https://houserabbit.org/updates/tag/pee","200","pee — Blog 2 — House Rabbit Society","Bladder Sludge",""
"https://houserabbit.org/updates/tag/personality","200","personality — Blog 2 — House Rabbit Society","To Bun or Not to Bun",""
"https://houserabbit.org/updates/tag/pet+sitter","200","pet sitter — Blog 2 — House Rabbit Society","What to Look for in a Bunny Sitter ",""
"https://houserabbit.org/updates/tag/pet+sitting","200","pet sitting — Blog 2 — House Rabbit Society","What to Look for in a Bunny Sitter ",""
"https://houserabbit.org/updates/tag/pets+and+the+holidays","200","pets and the holidays — Blog 2 — House Rabbit Society","Rabbits & Holiday Safety",""
"https://houserabbit.org/updates/tag/photography","200","photography — Blog 2 — House Rabbit Society","Focused on Rabbits",""
"https://houserabbit.org/updates/tag/pictures","200","pictures — Blog 2 — House Rabbit Society","Focused on Rabbits",""
"https://houserabbit.org/updates/tag/play","200","play — Blog 2 — House Rabbit Society","Homemade Enrichment Ideas",""
"https://houserabbit.org/updates/tag/pregnant+mother","200","pregnant mother — Blog 2 — House Rabbit Society","Adventures in Newborn Bunnysitting",""
"https://houserabbit.org/updates/tag/products","200","products — Blog 2 — House Rabbit Society","Tried and True Products",""
"https://houserabbit.org/updates/tag/Quality+of+life","200","Quality of life — Blog 2 — House Rabbit Society","Quality of Life",""
"https://houserabbit.org/updates/tag/rabbit+airline+requirements","200","rabbit airline requirements — Blog 2 — House Rabbit Society","Let Bunnies Fly campaign: keep the momentum going!",""
"https://houserabbit.org/updates/tag/rabbit+care","200","rabbit care — Blog 2 — House Rabbit Society","Chonken Needs a Friend: A Rabbit Bonding Story",""
"https://houserabbit.org/updates/tag/rabbit+dating","200","rabbit dating — Blog 2 — House Rabbit Society","Chonken Needs a Friend: A Rabbit Bonding Story",""
"https://houserabbit.org/updates/tag/rabbit+emergency","200","rabbit emergency — Blog 2 — House Rabbit Society","When Your Rabbit Stops Eating",""
"https://houserabbit.org/updates/tag/rabbit+emergency+kit","200","rabbit emergency kit — Blog 2 — House Rabbit Society","When Your Rabbit Stops Eating",""
"https://houserabbit.org/updates/tag/rabbit+GI+stasis","200","rabbit GI stasis — Blog 2 — House Rabbit Society","When Your Rabbit Stops Eating",""
"https://houserabbit.org/updates/tag/rabbit+hemorrhagic+disease","200","rabbit hemorrhagic disease — Blog 2 — House Rabbit Society","Protect Your Rabbit This Holiday Season",""
"https://houserabbit.org/updates/tag/rabbit+holiday+safety","200","rabbit holiday safety — Blog 2 — House Rabbit Society","Rabbits & Holiday Safety",""
"https://houserabbit.org/updates/tag/rabbit+medical+care","200","rabbit medical care — Blog 2 — House Rabbit Society","Your support makes this work possible",""
"https://houserabbit.org/updates/tag/rabbit+pair","200","rabbit pair — Blog 2 — House Rabbit Society"," When One Bunny Becomes Two",""
"https://houserabbit.org/updates/tag/rabbit+proofing","200","rabbit proofing — Blog 2 — House Rabbit Society","The Art of Rabbit Proofing",""
"https://houserabbit.org/updates/tag/rabbit+rescue","200","rabbit rescue — Blog 2 — House Rabbit Society"," When One Bunny Becomes Two",""
"https://houserabbit.org/updates/tag/rabbit+sitter","200","rabbit sitter — Blog 2 — House Rabbit Society","What to Look for in a Bunny Sitter ",""
"https://houserabbit.org/updates/tag/rabbit+speed+dating","200","rabbit speed dating — Blog 2 — House Rabbit Society","Chonken Needs a Friend: A Rabbit Bonding Story",""
"https://houserabbit.org/updates/tag/rabbit+stasis","200","rabbit stasis — Blog 2 — House Rabbit Society","When Your Rabbit Stops Eating",""
"https://houserabbit.org/updates/tag/rabbit+vaccination","200","rabbit vaccination — Blog 2 — House Rabbit Society","Protect Your Rabbit This Holiday Season",""
"https://houserabbit.org/updates/tag/rabbit+with+megacolon","200","rabbit with megacolon — Blog 2 — House Rabbit Society","Spotlight: Daily living with a megacolon rabbit, McMuffin",""
"https://houserabbit.org/updates/tag/rabbits","200","rabbits — Blog 2 — House Rabbit Society","A heartfelt thank you",""
"https://houserabbit.org/updates/tag/rabbits+and+guinea+pigs","200","rabbits and guinea pigs — Blog 2 — House Rabbit Society","Can You House Rabbits and Guinea Pigs Together?",""
"https://houserabbit.org/updates/tag/rabbits+and+the+holidays","200","rabbits and the holidays — Blog 2 — House Rabbit Society","Rabbits & Holiday Safety",""
"https://houserabbit.org/updates/tag/rabbits+in+need","200","rabbits in need — Blog 2 — House Rabbit Society","Support HRS for Giving Tuesday!",""
"https://houserabbit.org/updates/tag/rescue","200","rescue — Blog 2 — House Rabbit Society","Saving Bunnies (And Your Mental Health!)",""
"https://houserabbit.org/updates/tag/RHDV","200","RHDV — Blog 2 — House Rabbit Society","Protect Your Rabbit This Holiday Season",""
"https://houserabbit.org/updates/tag/rhdv","200","rhdv — Blog 2 — House Rabbit Society","Seeking a Safe Rabbit Sitter in States with RHDV ",""
"https://houserabbit.org/updates/tag/RHDV2","200","RHDV2 — Blog 2 — House Rabbit Society","Protect Your Rabbit This Holiday Season",""
"https://houserabbit.org/updates/tag/RHDV2+vaccination","200","RHDV2 vaccination — Blog 2 — House Rabbit Society","Protect Your Rabbit This Holiday Season",""
"https://houserabbit.org/updates/tag/saving+money+on+rabbit+care","200","saving money on rabbit care — Blog 2 — House Rabbit Society","Caring For a Rabbit On a Budget",""
"https://houserabbit.org/updates/tag/saying+goodbye","200","saying goodbye — Blog 2 — House Rabbit Society","Quality of Life",""
"https://houserabbit.org/updates/tag/senior+rabbits","200","senior rabbits — Blog 2 — House Rabbit Society","DIY Bumpers",""
"https://houserabbit.org/updates/tag/shop","200","shop — Blog 2 — House Rabbit Society","Tried and True Products",""
"https://houserabbit.org/updates/tag/sick","200","sick — Blog 2 — House Rabbit Society","Steps When Your Rabbit is Sick",""
"https://houserabbit.org/updates/tag/sludge","200","sludge — Blog 2 — House Rabbit Society","Bladder Sludge",""
"https://houserabbit.org/updates/tag/small+apartment","200","small apartment — Blog 2 — House Rabbit Society","Space-Saving Tricks for Small Apartments",""
"https://houserabbit.org/updates/tag/small+home","200","small home — Blog 2 — House Rabbit Society","Space-Saving Tricks for Small Apartments",""
"https://houserabbit.org/updates/tag/small+space","200","small space — Blog 2 — House Rabbit Society","Space-Saving Tricks for Small Apartments",""
"https://houserabbit.org/updates/tag/spay%2Fneuter","200","spay/neuter — Blog 2 — House Rabbit Society","Honoring Our Medical Team on World Veterinary Day",""
"https://houserabbit.org/updates/tag/special+needs","200","special needs — Blog 2 — House Rabbit Society","Quality of Life",""
"https://houserabbit.org/updates/tag/speed+dating","200","speed dating — Blog 2 — House Rabbit Society","Chonken Needs a Friend: A Rabbit Bonding Story",""
"https://houserabbit.org/updates/tag/splay+leg","200","splay leg — Blog 2 — House Rabbit Society","Moving Differently, Living Fully: Boo’s Story",""
"https://houserabbit.org/updates/tag/Stories","200","Stories — Blog 2 — House Rabbit Society","Household Plants and Rabbits",""
"https://houserabbit.org/updates/tag/stories","200","stories — Blog 2 — House Rabbit Society","Rabbit Lingo",""
"https://houserabbit.org/updates/tag/toys","200","toys — Blog 2 — House Rabbit Society","Tried and True Products",""
"https://houserabbit.org/updates/tag/trap","200","trap — Blog 2 — House Rabbit Society","Rescuing Dumped Rabbits",""
"https://houserabbit.org/updates/tag/travel","200","travel — Blog 2 — House Rabbit Society","How to Prepare your Home for Pet Sitters",""
"https://houserabbit.org/updates/tag/Updates","200","Updates — Blog 2 — House Rabbit Society","4th of July Hours",""
"https://houserabbit.org/updates/tag/urine","200","urine — Blog 2 — House Rabbit Society","Bladder Sludge",""
"https://houserabbit.org/updates/tag/vaccination","200","vaccination — Blog 2 — House Rabbit Society","Honoring Our Medical Team on World Veterinary Day",""
"https://houserabbit.org/updates/tag/veterinary+training+initiative","200","veterinary training initiative — Blog 2 — House Rabbit Society","A heartfelt thank you",""
"https://houserabbit.org/updates/tag/vocabulary","200","vocabulary — Blog 2 — House Rabbit Society","Rabbit Lingo",""
"https://houserabbit.org/updates/tag/volunteer","200","volunteer — Blog 2 — House Rabbit Society","House Rabbit Society Welcomes Newest Board Member",""
"https://houserabbit.org/updates/tag/volunteer+board","200","volunteer board — Blog 2 — House Rabbit Society","House Rabbit Society Welcomes Newest Board Member",""
"https://houserabbit.org/updates/tag/wild+rabbits","200","wild rabbits — Blog 2 — House Rabbit Society","Rescuing Dumped Rabbits",""
"https://houserabbit.org/updates/tag/words","200","words — Blog 2 — House Rabbit Society","Wonderful Words for Bunny Behaviors",""
"https://houserabbit.org/updates/tag/year-end+giving","200","year-end giving — Blog 2 — House Rabbit Society","Support HRS for Giving Tuesday!",""
"https://houserabbit.org/updates/ten-pounds","200","Ten Pounds — House Rabbit Society","Ten Pounds",""
"https://houserabbit.org/updates/tf2kb9rk6zvza4h999dr8jr64cnbum","200","Steps When Your Rabbit is Sick — House Rabbit Society","Steps When Your Rabbit is Sick",""
"https://houserabbit.org/updates/the-art-of-rabbit-proofing","200","The Art of Rabbit Proofing — House Rabbit Society","The Art of Rabbit Proofing",""
"https://houserabbit.org/updates/the-art-of-rabbit-proofing-1","200","The Art of Rabbit Proofing — House Rabbit Society","The Art of Rabbit Proofing",""
"https://houserabbit.org/updates/the-joys-of-rabbit-fostering","200","The Joys of Rabbit Fostering — House Rabbit Society","The Joys of Rabbit Fostering",""
"https://houserabbit.org/updates/tips-for-bunny-proofing","200","Tips for Bunny Proofing — House Rabbit Society","Tips for Bunny Proofing",""
"https://houserabbit.org/updates/to-bun-or-not-to-bun","200","To Bun or Not to Bun — House Rabbit Society","To Bun or Not to Bun",""
"https://houserabbit.org/updates/tried-and-true-products","200","Tried and True Products — House Rabbit Society","Tried and True Products",""
"https://houserabbit.org/updates/uibnaqx9xgrxygsugz8dqak8uip1tx","200","DIY Low Entry Litter Box — House Rabbit Society","DIY Low Entry Litter Box",""
"https://houserabbit.org/updates/why-deserts-matter-too-maymt-89dw5","200","HRS at Rich City Day! — House Rabbit Society","HRS at Rich City Day!",""
"https://houserabbit.org/updates/will-work-for-food","200","Will Work For Food — House Rabbit Society","Will Work For Food",""
"https://houserabbit.org/updates/wonderful-words-for-bunny-behaviors","200","Wonderful Words for Bunny Behaviors — House Rabbit Society","Wonderful Words for Bunny Behaviors",""
"https://houserabbit.org/updates/world-spay-day-2025","200","World Spay Day 2025 — House Rabbit Society","World Spay Day 2025",""
"https://houserabbit.org/updates/world-veterinary-day-2025","200","Honoring Our Medical Team on World Veterinary Day — House Rabbit Society","Honoring Our Medical Team on World Veterinary Day",""
"https://houserabbit.org/updates/y5hggn8hpb7s3gxuly3y5wtxpxxzqq","200","Bonding Our Quad — House Rabbit Society","Bonding Our Quad",""
"https://houserabbit.org/updates/zgkbnvxqr4bt2uewaotwgx7ahzvjbv","200","Enrichment for Elder Bunnies — House Rabbit Society","Enrichment for Elder Bunnies",""
"https://houserabbit.org/veterinaryinitiative","200","Veterinary Training Initiative — House Rabbit Society","",""
"https://houserabbit.org/vietnamese-resources","0","","","Response status code does not indicate success: 429 (Too Many Requests)."
"https://houserabbit.org/visit","200","Visit — House Rabbit Society","",""
"https://houserabbit.org/volunteer","200","Volunteer — House Rabbit Society","",""
"https://houserabbit.org/warm-weather","0","","","Response status code does not indicate success: 429 (Too Many Requests)."
